,CBCD,dual_elig,white,male,agecat,grand_total,count_over_CB_total,CB_total_over_grand_total,year
1,101,0,1,0,1,264369,0.214930765,0.006282885,2009
2,101,1,0,0,1,264369,0.206502107,0.006282885,2009
3,101,0,1,1,1,264369,0.108368453,0.006282885,2009
4,101,1,0,1,1,264369,0.088500903,0.006282885,2009
5,101,0,0,0,1,264369,0.071643588,0.006282885,2009
6,101,0,1,0,0,264369,0.045755569,0.006282885,2009
7,101,0,1,1,0,264369,0.045755569,0.006282885,2009
8,101,1,0,0,0,264369,0.039735099,0.006282885,2009
9,101,1,1,0,1,264369,0.036122818,0.006282885,2009
10,101,0,0,1,1,264369,0.034918724,0.006282885,2009
11,101,0,0,0,0,264369,0.024683925,0.006282885,2009
12,101,1,1,1,1,264369,0.022275738,0.006282885,2009
13,101,1,0,1,0,264369,0.021071644,0.006282885,2009
14,101,0,0,1,0,264369,0.019265503,0.006282885,2009
15,101,1,1,0,0,264369,0.010234798,0.006282885,2009
16,101,1,1,1,0,264369,0.010234798,0.006282885,2009
17,102,0,1,0,1,264369,0.283196979,0.012021077,2009
18,102,0,1,1,1,264369,0.225928257,0.012021077,2009
19,102,0,1,0,0,264369,0.104468219,0.012021077,2009
20,102,0,1,1,0,264369,0.102265576,0.012021077,2009
21,102,1,0,0,1,264369,0.082756451,0.012021077,2009
22,102,1,0,1,1,264369,0.035556954,0.012021077,2009
23,102,1,1,0,1,264369,0.034298301,0.012021077,2009
24,102,0,0,0,1,264369,0.020767778,0.012021077,2009
25,102,1,0,0,0,264369,0.019194462,0.012021077,2009
26,102,0,0,1,1,264369,0.016362492,0.012021077,2009
27,102,0,0,1,0,264369,0.016047829,0.012021077,2009
28,102,1,1,1,1,264369,0.014159849,0.012021077,2009
29,102,1,0,1,0,264369,0.013215859,0.012021077,2009
30,102,1,1,1,0,264369,0.012586532,0.012021077,2009
31,102,0,0,0,0,264369,0.011957206,0.012021077,2009
32,102,1,1,0,0,264369,0.007237256,0.012021077,2009
33,103,1,0,0,1,264369,0.299464422,0.024719237,2009
34,103,1,0,1,1,264369,0.126090283,0.024719237,2009
35,103,1,0,0,0,264369,0.110635042,0.024719237,2009
36,103,0,1,0,1,264369,0.097781178,0.024719237,2009
37,103,1,0,1,0,264369,0.060596787,0.024719237,2009
38,103,0,1,1,1,264369,0.050650344,0.024719237,2009
39,103,0,0,0,1,264369,0.047130834,0.024719237,2009
40,103,1,1,0,1,264369,0.043764346,0.024719237,2009
41,103,0,0,1,1,264369,0.028309105,0.024719237,2009
42,103,0,1,0,0,264369,0.026472839,0.024719237,2009
43,103,0,0,0,0,264369,0.026319816,0.024719237,2009
44,103,0,1,1,0,264369,0.022953328,0.024719237,2009
45,103,0,0,1,0,264369,0.018056618,0.024719237,2009
46,103,1,1,1,1,264369,0.016985463,0.024719237,2009
47,103,1,1,0,0,264369,0.014996174,0.024719237,2009
48,103,1,1,1,0,264369,0.00979342,0.024719237,2009
49,104,0,1,0,1,264369,0.253507341,0.011593644,2009
50,104,0,1,1,1,264369,0.137030995,0.011593644,2009
51,104,1,0,0,1,264369,0.096574225,0.011593644,2009
52,104,0,1,0,0,264369,0.079934747,0.011593644,2009
53,104,0,1,1,0,264369,0.07862969,0.011593644,2009
54,104,1,0,0,0,264369,0.050570962,0.011593644,2009
55,104,1,1,0,1,264369,0.046003263,0.011593644,2009
56,104,0,0,0,1,264369,0.040130506,0.011593644,2009
57,104,1,0,1,1,264369,0.034584013,0.011593644,2009
58,104,1,1,0,0,264369,0.029690049,0.011593644,2009
59,104,0,0,0,0,264369,0.029363785,0.011593644,2009
60,104,1,0,1,0,264369,0.027732463,0.011593644,2009
61,104,1,1,1,0,264369,0.025774878,0.011593644,2009
62,104,0,0,1,0,264369,0.025122349,0.011593644,2009
63,104,1,1,1,1,264369,0.024143556,0.011593644,2009
64,104,0,0,1,1,264369,0.021207178,0.011593644,2009
65,105,0,1,0,1,264369,0.279735683,0.006869187,2009
66,105,0,1,1,1,264369,0.2219163,0.006869187,2009
67,105,0,1,1,0,264369,0.102422907,0.006869187,2009
68,105,0,1,0,0,264369,0.099669604,0.006869187,2009
69,105,1,1,0,1,264369,0.050660793,0.006869187,2009
70,105,1,0,0,1,264369,0.044052863,0.006869187,2009
71,105,1,1,1,1,264369,0.031387665,0.006869187,2009
72,105,1,0,1,1,264369,0.026431718,0.006869187,2009
73,105,1,0,0,0,264369,0.024229075,0.006869187,2009
74,105,0,0,0,0,264369,0.019823789,0.006869187,2009
75,105,0,0,0,1,264369,0.019823789,0.006869187,2009
76,105,0,0,1,1,264369,0.018171806,0.006869187,2009
77,105,1,1,0,0,264369,0.017070485,0.006869187,2009
78,105,1,1,1,0,264369,0.017070485,0.006869187,2009
79,105,1,0,1,0,264369,0.014867841,0.006869187,2009
80,105,0,0,1,0,264369,0.012665198,0.006869187,2009
81,106,0,1,0,1,264369,0.354544093,0.02526393,2009
82,106,0,1,1,1,264369,0.22862704,0.02526393,2009
83,106,0,1,0,0,264369,0.134002096,0.02526393,2009
84,106,0,1,1,0,264369,0.099266357,0.02526393,2009
85,106,1,1,0,1,264369,0.029195987,0.02526393,2009
86,106,0,0,0,1,264369,0.025003743,0.02526393,2009
87,106,0,0,0,0,264369,0.024704297,0.02526393,2009
88,106,1,0,0,1,264369,0.022608175,0.02526393,2009
89,106,0,0,1,1,264369,0.017667315,0.02526393,2009
90,106,0,0,1,0,264369,0.013025902,0.02526393,2009
91,106,1,0,0,0,264369,0.012127564,0.02526393,2009
92,106,1,1,1,1,264369,0.01092978,0.02526393,2009
93,106,1,0,1,1,264369,0.010480611,0.02526393,2009
94,106,1,1,0,0,264369,0.00643809,0.02526393,2009
95,106,1,0,1,0,264369,0.005839197,0.02526393,2009
96,106,1,1,1,0,264369,0.005539751,0.02526393,2009
97,107,0,1,0,1,264369,0.268734676,0.035484493,2009
98,107,0,1,1,1,264369,0.183882315,0.035484493,2009
99,107,0,1,0,0,264369,0.09998934,0.035484493,2009
100,107,1,0,0,1,264369,0.091674662,0.035484493,2009
101,107,0,1,1,0,264369,0.090715276,0.035484493,2009
102,107,0,0,0,1,264369,0.047542906,0.035484493,2009
103,107,1,1,0,1,264369,0.037842448,0.035484493,2009
104,107,1,0,0,0,264369,0.036563266,0.035484493,2009
105,107,0,0,0,0,264369,0.030380556,0.035484493,2009
106,107,1,0,1,1,264369,0.024304445,0.035484493,2009
107,107,0,0,1,1,264369,0.022492272,0.035484493,2009
108,107,0,0,1,0,264369,0.018761326,0.035484493,2009
109,107,1,0,1,0,264369,0.015563373,0.035484493,2009
110,107,1,1,1,1,264369,0.014070995,0.035484493,2009
111,107,1,1,0,0,264369,0.009380663,0.035484493,2009
112,107,1,1,1,0,264369,0.008101482,0.035484493,2009
113,108,0,1,0,1,264369,0.343896714,0.041895986,2009
114,108,0,1,1,1,264369,0.243409173,0.041895986,2009
115,108,0,1,0,0,264369,0.136150235,0.041895986,2009
116,108,0,1,1,0,264369,0.108071506,0.041895986,2009
117,108,1,1,0,1,264369,0.041440953,0.041895986,2009
118,108,1,0,0,1,264369,0.025911882,0.041895986,2009
119,108,0,0,0,1,264369,0.021036475,0.041895986,2009
120,108,1,1,1,1,264369,0.013001083,0.041895986,2009
121,108,0,0,0,0,264369,0.012730228,0.041895986,2009
122,108,0,0,1,1,264369,0.011827375,0.041895986,2009
123,108,1,0,1,1,264369,0.009118815,0.041895986,2009
124,108,1,0,0,0,264369,0.008125677,0.041895986,2009
125,108,0,0,1,0,264369,0.007313109,0.041895986,2009
126,108,1,1,0,0,264369,0.007222824,0.041895986,2009
127,108,1,1,1,0,264369,0.006139401,0.041895986,2009
128,108,1,0,1,0,264369,0.00460455,0.041895986,2009
129,109,1,0,0,1,264369,0.244791667,0.009441349,2009
130,109,0,0,0,1,264369,0.129807692,0.009441349,2009
131,109,1,0,0,0,264369,0.122996795,0.009441349,2009
132,109,0,1,0,1,264369,0.094150641,0.009441349,2009
133,109,0,0,0,0,264369,0.070512821,0.009441349,2009
134,109,0,1,1,1,264369,0.063301282,0.009441349,2009
135,109,1,0,1,1,264369,0.059695513,0.009441349,2009
136,109,0,0,1,1,264369,0.05849359,0.009441349,2009
137,109,1,0,1,0,264369,0.048477564,0.009441349,2009
138,109,0,0,1,0,264369,0.036858974,0.009441349,2009
139,109,0,1,0,0,264369,0.025641026,0.009441349,2009
140,109,1,1,0,1,264369,0.018830128,0.009441349,2009
141,109,0,1,1,0,264369,0.013621795,0.009441349,2009
142,109,1,1,0,0,264369,0.006410256,0.009441349,2009
143,109,1,1,1,1,264369,0.004807692,0.009441349,2009
144,109,1,1,1,0,264369,0.001602564,0.009441349,2009
145,110,1,0,0,1,264369,0.256452956,0.009085785,2009
146,110,0,0,0,1,264369,0.191507077,0.009085785,2009
147,110,0,0,0,0,264369,0.143213988,0.009085785,2009
148,110,1,0,0,0,264369,0.119900083,0.009085785,2009
149,110,1,0,1,1,264369,0.077019151,0.009085785,2009
150,110,0,0,1,1,264369,0.072023314,0.009085785,2009
151,110,1,0,1,0,264369,0.06203164,0.009085785,2009
152,110,0,0,1,0,264369,0.053705246,0.009085785,2009
153,110,0,1,0,1,264369,0.005828476,0.009085785,2009
154,110,1,1,0,1,264369,0.004995837,0.009085785,2009
155,110,0,1,1,0,264369,0.003746878,0.009085785,2009
156,110,0,1,0,0,264369,0.002914238,0.009085785,2009
157,110,1,1,1,0,264369,0.002081599,0.009085785,2009
158,110,0,1,1,1,264369,0.001665279,0.009085785,2009
159,110,1,1,0,0,264369,0.001665279,0.009085785,2009
160,110,1,1,1,1,264369,0.001248959,0.009085785,2009
161,111,1,0,0,1,264369,0.303782148,0.012501466,2009
162,111,1,0,0,0,264369,0.142813918,0.012501466,2009
163,111,0,0,0,1,264369,0.118305598,0.012501466,2009
164,111,1,0,1,1,264369,0.096520424,0.012501466,2009
165,111,0,0,0,0,264369,0.081996974,0.012501466,2009
166,111,1,0,1,0,264369,0.057791225,0.012501466,2009
167,111,0,0,1,1,264369,0.03903177,0.012501466,2009
168,111,0,0,1,0,264369,0.036913767,0.012501466,2009
169,111,0,1,0,1,264369,0.031164902,0.012501466,2009
170,111,1,1,0,1,264369,0.026626324,0.012501466,2009
171,111,0,1,1,1,264369,0.018154312,0.012501466,2009
172,111,0,1,0,0,264369,0.013313162,0.012501466,2009
173,111,1,1,1,1,264369,0.010892587,0.012501466,2009
174,111,0,1,1,0,264369,0.009077156,0.012501466,2009
175,111,1,1,0,0,264369,0.00816944,0.012501466,2009
176,111,1,1,1,0,264369,0.005446293,0.012501466,2009
177,112,1,0,0,1,264369,0.293487088,0.023289417,2009
178,112,1,0,0,0,264369,0.140652915,0.023289417,2009
179,112,1,0,1,1,264369,0.09728764,0.023289417,2009
180,112,0,1,0,1,264369,0.085918467,0.023289417,2009
181,112,1,0,1,0,264369,0.066103622,0.023289417,2009
182,112,0,0,0,1,264369,0.064641871,0.023289417,2009
183,112,1,1,0,1,264369,0.04612636,0.023289417,2009
184,112,0,1,1,1,264369,0.042553191,0.023289417,2009
185,112,0,0,0,0,264369,0.034757187,0.023289417,2009
186,112,0,0,1,1,264369,0.030696768,0.023289417,2009
187,112,0,0,1,0,264369,0.025499432,0.023289417,2009
188,112,0,1,0,0,264369,0.019814845,0.023289417,2009
189,112,1,1,1,1,264369,0.016728926,0.023289417,2009
190,112,0,1,1,0,264369,0.014130258,0.023289417,2009
191,112,1,1,0,0,264369,0.012993341,0.023289417,2009
192,112,1,1,1,0,264369,0.008608088,0.023289417,2009
193,201,1,0,0,1,264369,0.355572998,0.004819022,2009
194,201,1,0,0,0,264369,0.214285714,0.004819022,2009
195,201,1,0,1,1,264369,0.095761381,0.004819022,2009
196,201,1,0,1,0,264369,0.083987441,0.004819022,2009
197,201,0,0,0,1,264369,0.079277865,0.004819022,2009
198,201,0,0,0,0,264369,0.06043956,0.004819022,2009
199,201,0,0,1,1,264369,0.039246468,0.004819022,2009
200,201,0,0,1,0,264369,0.03689168,0.004819022,2009
201,201,1,1,0,1,264369,0.010989011,0.004819022,2009
202,201,0,1,0,1,264369,0.007064364,0.004819022,2009
203,201,0,1,1,0,264369,0.003924647,0.004819022,2009
204,201,0,1,1,1,264369,0.003924647,0.004819022,2009
205,201,1,1,0,0,264369,0.003139717,0.004819022,2009
206,201,0,1,0,0,264369,0.002354788,0.004819022,2009
207,201,1,1,1,0,264369,0.002354788,0.004819022,2009
208,201,1,1,1,1,264369,0.000784929,0.004819022,2009
209,202,1,0,0,1,264369,0.368506494,0.002330077,2009
210,202,1,0,0,0,264369,0.219155844,0.002330077,2009
211,202,1,0,1,1,264369,0.102272727,0.002330077,2009
212,202,1,0,1,0,264369,0.086038961,0.002330077,2009
213,202,0,0,0,1,264369,0.071428571,0.002330077,2009
214,202,0,0,0,0,264369,0.051948052,0.002330077,2009
215,202,0,0,1,0,264369,0.042207792,0.002330077,2009
216,202,0,0,1,1,264369,0.030844156,0.002330077,2009
217,202,0,1,0,0,264369,0.006493506,0.002330077,2009
218,202,1,1,0,1,264369,0.006493506,0.002330077,2009
219,202,0,1,0,1,264369,0.003246753,0.002330077,2009
220,202,0,1,1,0,264369,0.003246753,0.002330077,2009
221,202,1,1,0,0,264369,0.003246753,0.002330077,2009
222,202,1,1,1,1,264369,0.003246753,0.002330077,2009
223,202,1,1,1,0,264369,0.001623377,0.002330077,2009
224,203,1,0,0,1,264369,0.299788136,0.003570767,2009
225,203,1,0,0,0,264369,0.219279661,0.003570767,2009
226,203,1,0,1,1,264369,0.091101695,0.003570767,2009
227,203,0,0,0,0,264369,0.090042373,0.003570767,2009
228,203,1,0,1,0,264369,0.090042373,0.003570767,2009
229,203,0,0,0,1,264369,0.080508475,0.003570767,2009
230,203,0,0,1,0,264369,0.068855932,0.003570767,2009
231,203,0,0,1,1,264369,0.041313559,0.003570767,2009
232,203,1,1,0,0,264369,0.00529661,0.003570767,2009
233,203,1,1,0,1,264369,0.003177966,0.003570767,2009
234,203,1,1,1,1,264369,0.003177966,0.003570767,2009
235,203,0,1,0,0,264369,0.002118644,0.003570767,2009
236,203,1,1,1,0,264369,0.002118644,0.003570767,2009
237,203,0,1,0,1,264369,0.001059322,0.003570767,2009
238,203,0,1,1,0,264369,0.001059322,0.003570767,2009
239,203,0,1,1,1,264369,0.001059322,0.003570767,2009
240,204,1,0,0,1,264369,0.311594203,0.007307967,2009
241,204,1,0,0,0,264369,0.1563147,0.007307967,2009
242,204,0,0,0,1,264369,0.105590062,0.007307967,2009
243,204,1,0,1,1,264369,0.095755694,0.007307967,2009
244,204,1,0,1,0,264369,0.091614907,0.007307967,2009
245,204,0,0,0,0,264369,0.086956522,0.007307967,2009
246,204,0,0,1,0,264369,0.053312629,0.007307967,2009
247,204,0,0,1,1,264369,0.040372671,0.007307967,2009
248,204,1,1,0,1,264369,0.01242236,0.007307967,2009
249,204,0,1,0,1,264369,0.010351967,0.007307967,2009
250,204,1,1,0,0,264369,0.007763975,0.007307967,2009
251,204,0,1,1,1,264369,0.007246377,0.007307967,2009
252,204,0,1,1,0,264369,0.00621118,0.007307967,2009
253,204,1,1,1,1,264369,0.005693582,0.007307967,2009
254,204,1,1,1,0,264369,0.005175983,0.007307967,2009
255,204,0,1,0,0,264369,0.003623188,0.007307967,2009
256,205,1,0,0,1,264369,0.314765694,0.004278111,2009
257,205,1,0,0,0,264369,0.221927498,0.004278111,2009
258,205,1,0,1,0,264369,0.091954023,0.004278111,2009
259,205,1,0,1,1,264369,0.08841733,0.004278111,2009
260,205,0,0,0,0,264369,0.07515473,0.004278111,2009
261,205,0,0,0,1,264369,0.068081344,0.004278111,2009
262,205,0,0,1,0,264369,0.056587091,0.004278111,2009
263,205,0,0,1,1,264369,0.030946065,0.004278111,2009
264,205,1,1,0,0,264369,0.014146773,0.004278111,2009
265,205,1,1,0,1,264369,0.009725906,0.004278111,2009
266,205,0,1,0,1,264369,0.00795756,0.004278111,2009
267,205,0,1,1,0,264369,0.00530504,0.004278111,2009
268,205,0,1,1,1,264369,0.00530504,0.004278111,2009
269,205,0,1,0,0,264369,0.003536693,0.004278111,2009
270,205,1,1,1,1,264369,0.003536693,0.004278111,2009
271,205,1,1,1,0,264369,0.00265252,0.004278111,2009
272,206,1,0,0,1,264369,0.291956306,0.00380907,2009
273,206,1,0,0,0,264369,0.189672294,0.00380907,2009
274,206,1,0,1,1,264369,0.089374379,0.00380907,2009
275,206,1,0,1,0,264369,0.075471698,0.00380907,2009
276,206,1,1,0,1,264369,0.053624628,0.00380907,2009
277,206,0,1,0,1,264369,0.047666336,0.00380907,2009
278,206,0,0,0,0,264369,0.046673287,0.00380907,2009
279,206,0,0,0,1,264369,0.04468719,0.00380907,2009
280,206,0,1,1,1,264369,0.030784508,0.00380907,2009
281,206,0,0,1,0,264369,0.02979146,0.00380907,2009
282,206,0,0,1,1,264369,0.028798411,0.00380907,2009
283,206,1,1,0,0,264369,0.016881827,0.00380907,2009
284,206,0,1,1,0,264369,0.015888779,0.00380907,2009
285,206,0,1,0,0,264369,0.01489573,0.00380907,2009
286,206,1,1,1,1,264369,0.01489573,0.00380907,2009
287,206,1,1,1,0,264369,0.008937438,0.00380907,2009
288,207,1,0,0,1,264369,0.245006658,0.008522179,2009
289,207,1,0,0,0,264369,0.129604971,0.008522179,2009
290,207,0,1,0,1,264369,0.113182423,0.008522179,2009
291,207,1,0,1,1,264369,0.081668886,0.008522179,2009
292,207,1,1,0,1,264369,0.07723036,0.008522179,2009
293,207,0,1,1,1,264369,0.056813138,0.008522179,2009
294,207,1,0,1,0,264369,0.05548158,0.008522179,2009
295,207,0,0,0,1,264369,0.051043054,0.008522179,2009
296,207,0,0,0,0,264369,0.04039059,0.008522179,2009
297,207,0,1,0,0,264369,0.027075011,0.008522179,2009
298,207,0,0,1,0,264369,0.025743453,0.008522179,2009
299,207,0,0,1,1,264369,0.023968043,0.008522179,2009
300,207,1,1,1,1,264369,0.023968043,0.008522179,2009
301,207,1,1,0,0,264369,0.020417221,0.008522179,2009
302,207,0,1,1,0,264369,0.017754106,0.008522179,2009
303,207,1,1,1,0,264369,0.010652463,0.008522179,2009
304,208,0,1,0,1,264369,0.282444092,0.021481339,2009
305,208,0,1,1,1,264369,0.147032928,0.021481339,2009
306,208,1,1,0,1,264369,0.142630745,0.021481339,2009
307,208,1,0,0,1,264369,0.087163233,0.021481339,2009
308,208,0,1,0,0,264369,0.079767565,0.021481339,2009
309,208,0,1,1,0,264369,0.045254446,0.021481339,2009
310,208,1,1,1,1,264369,0.037154429,0.021481339,2009
311,208,0,0,0,1,264369,0.030110935,0.021481339,2009
312,208,1,0,0,0,264369,0.029934848,0.021481339,2009
313,208,1,0,1,1,264369,0.026765276,0.021481339,2009
314,208,0,0,0,0,264369,0.022891354,0.021481339,2009
315,208,1,0,1,0,264369,0.017784821,0.021481339,2009
316,208,1,1,0,0,264369,0.014791337,0.021481339,2009
317,208,0,0,1,1,264369,0.014615249,0.021481339,2009
318,208,0,0,1,0,264369,0.011093502,0.021481339,2009
319,208,1,1,1,0,264369,0.01056524,0.021481339,2009
320,209,1,0,0,1,264369,0.245518566,0.011816817,2009
321,209,0,0,0,1,264369,0.14212548,0.011816817,2009
322,209,1,0,0,0,264369,0.117477593,0.011816817,2009
323,209,0,0,0,0,264369,0.116197183,0.011816817,2009
324,209,0,0,1,0,264369,0.07106274,0.011816817,2009
325,209,0,0,1,1,264369,0.068822023,0.011816817,2009
326,209,1,0,1,1,264369,0.064660691,0.011816817,2009
327,209,1,0,1,0,264369,0.050576184,0.011816817,2009
328,209,0,1,0,1,264369,0.039692702,0.011816817,2009
329,209,0,1,0,0,264369,0.019206146,0.011816817,2009
330,209,0,1,1,1,264369,0.019206146,0.011816817,2009
331,209,1,1,0,1,264369,0.018886044,0.011816817,2009
332,209,0,1,1,0,264369,0.01056338,0.011816817,2009
333,209,1,1,1,1,264369,0.006402049,0.011816817,2009
334,209,1,1,0,0,264369,0.004801536,0.011816817,2009
335,209,1,1,1,0,264369,0.004801536,0.011816817,2009
336,210,0,1,0,1,264369,0.215744054,0.017971093,2009
337,210,0,1,1,1,264369,0.133866554,0.017971093,2009
338,210,0,0,0,1,264369,0.085666176,0.017971093,2009
339,210,0,1,0,0,264369,0.083140391,0.017971093,2009
340,210,1,0,0,1,264369,0.079562197,0.017971093,2009
341,210,0,0,0,0,264369,0.073037255,0.017971093,2009
342,210,1,1,0,1,264369,0.071774363,0.017971093,2009
343,210,0,1,1,0,264369,0.070090507,0.017971093,2009
344,210,0,0,1,0,264369,0.037465797,0.017971093,2009
345,210,0,0,1,1,264369,0.035781941,0.017971093,2009
346,210,1,0,0,0,264369,0.033045675,0.017971093,2009
347,210,1,1,1,1,264369,0.022942538,0.017971093,2009
348,210,1,0,1,1,264369,0.01894338,0.017971093,2009
349,210,1,1,0,0,264369,0.01789097,0.017971093,2009
350,210,1,0,1,0,264369,0.012839402,0.017971093,2009
351,210,1,1,1,0,264369,0.008208798,0.017971093,2009
352,211,0,1,0,1,264369,0.17863354,0.015224932,2009
353,211,1,0,0,1,264369,0.137639752,0.015224932,2009
354,211,0,1,1,1,264369,0.119751553,0.015224932,2009
355,211,1,1,0,1,264369,0.113291925,0.015224932,2009
356,211,0,1,0,0,264369,0.055652174,0.015224932,2009
357,211,1,0,1,1,264369,0.054658385,0.015224932,2009
358,211,0,1,1,0,264369,0.053167702,0.015224932,2009
359,211,1,1,1,1,264369,0.049689441,0.015224932,2009
360,211,1,0,0,0,264369,0.049440994,0.015224932,2009
361,211,1,0,1,0,264369,0.036770186,0.015224932,2009
362,211,0,0,0,1,264369,0.036024845,0.015224932,2009
363,211,1,1,0,0,264369,0.031552795,0.015224932,2009
364,211,0,0,0,0,264369,0.026832298,0.015224932,2009
365,211,0,0,1,0,264369,0.021118012,0.015224932,2009
366,211,0,0,1,1,264369,0.020124224,0.015224932,2009
367,211,1,1,1,0,264369,0.015652174,0.015224932,2009
368,212,1,0,0,1,264369,0.174632353,0.012346379,2009
369,212,0,0,0,1,264369,0.143995098,0.012346379,2009
370,212,0,1,0,1,264369,0.105085784,0.012346379,2009
371,212,0,0,0,0,264369,0.100796569,0.012346379,2009
372,212,0,0,1,1,264369,0.064338235,0.012346379,2009
373,212,1,0,0,0,264369,0.061580882,0.012346379,2009
374,212,0,1,1,1,264369,0.056066176,0.012346379,2009
375,212,1,0,1,1,264369,0.055759804,0.012346379,2009
376,212,0,0,1,0,264369,0.055453431,0.012346379,2009
377,212,1,0,1,0,264369,0.046262255,0.012346379,2009
378,212,1,1,0,1,264369,0.038909314,0.012346379,2009
379,212,0,1,0,0,264369,0.034007353,0.012346379,2009
380,212,0,1,1,0,264369,0.027879902,0.012346379,2009
381,212,1,1,1,1,264369,0.017463235,0.012346379,2009
382,212,1,1,1,0,264369,0.009803922,0.012346379,2009
383,212,1,1,0,0,264369,0.007965686,0.012346379,2009
384,301,0,1,0,1,264369,0.169565217,0.016529926,2009
385,301,1,0,0,1,264369,0.145308924,0.016529926,2009
386,301,1,1,0,1,264369,0.132265446,0.016529926,2009
387,301,1,0,0,0,264369,0.100686499,0.016529926,2009
388,301,0,1,1,1,264369,0.081464531,0.016529926,2009
389,301,1,1,1,1,264369,0.056521739,0.016529926,2009
390,301,0,1,0,0,264369,0.049199085,0.016529926,2009
391,301,1,0,1,1,264369,0.048970252,0.016529926,2009
392,301,0,1,1,0,264369,0.037299771,0.016529926,2009
393,301,1,1,0,0,264369,0.033867277,0.016529926,2009
394,301,1,0,1,0,264369,0.031121281,0.016529926,2009
395,301,0,0,0,1,264369,0.030663616,0.016529926,2009
396,301,0,0,0,0,264369,0.026086957,0.016529926,2009
397,301,1,1,1,0,264369,0.021052632,0.016529926,2009
398,301,0,0,1,1,264369,0.018306636,0.016529926,2009
399,301,0,0,1,0,264369,0.017620137,0.016529926,2009
400,302,1,0,0,1,264369,0.172537743,0.01052317,2009
401,302,0,1,0,1,264369,0.115744069,0.01052317,2009
402,302,0,0,0,1,264369,0.110352265,0.01052317,2009
403,302,0,0,0,0,264369,0.080517613,0.01052317,2009
404,302,0,1,1,1,264369,0.08015816,0.01052317,2009
405,302,1,0,0,0,264369,0.0643422,0.01052317,2009
406,302,0,1,1,0,264369,0.063623293,0.01052317,2009
407,302,1,0,1,1,264369,0.053558591,0.01052317,2009
408,302,0,1,0,0,264369,0.049604601,0.01052317,2009
409,302,1,1,0,1,264369,0.048885694,0.01052317,2009
410,302,0,0,1,1,264369,0.043493889,0.01052317,2009
411,302,0,0,1,0,264369,0.038461538,0.01052317,2009
412,302,1,0,1,0,264369,0.036304817,0.01052317,2009
413,302,1,1,1,1,264369,0.016175413,0.01052317,2009
414,302,1,1,0,0,264369,0.014737599,0.01052317,2009
415,302,1,1,1,0,264369,0.011502516,0.01052317,2009
416,303,1,0,0,1,264369,0.275022543,0.008389789,2009
417,303,1,0,0,0,264369,0.15644725,0.008389789,2009
418,303,0,0,0,1,264369,0.143823264,0.008389789,2009
419,303,0,0,0,0,264369,0.11902615,0.008389789,2009
420,303,1,0,1,1,264369,0.07619477,0.008389789,2009
421,303,0,0,1,0,264369,0.075743913,0.008389789,2009
422,303,0,0,1,1,264369,0.071686204,0.008389789,2009
423,303,1,0,1,0,264369,0.060865645,0.008389789,2009
424,303,1,1,0,1,264369,0.008566276,0.008389789,2009
425,303,0,1,0,1,264369,0.003606853,0.008389789,2009
426,303,0,1,1,1,264369,0.00270514,0.008389789,2009
427,303,1,1,0,0,264369,0.001803427,0.008389789,2009
428,303,0,1,1,0,264369,0.00135257,0.008389789,2009
429,303,1,1,1,0,264369,0.00135257,0.008389789,2009
430,303,1,1,1,1,264369,0.00135257,0.008389789,2009
431,303,0,1,0,0,264369,0.000450857,0.008389789,2009
432,304,1,0,0,1,264369,0.309414088,0.005745757,2009
433,304,1,0,0,0,264369,0.19881501,0.005745757,2009
434,304,1,0,1,1,264369,0.110599078,0.005745757,2009
435,304,1,0,1,0,264369,0.094140882,0.005745757,2009
436,304,0,0,0,1,264369,0.063857801,0.005745757,2009
437,304,0,0,0,0,264369,0.054641211,0.005745757,2009
438,304,0,0,1,0,264369,0.036208032,0.005745757,2009
439,304,0,0,1,1,264369,0.030283081,0.005745757,2009
440,304,0,1,0,1,264369,0.025674786,0.005745757,2009
441,304,1,1,0,1,264369,0.025016458,0.005745757,2009
442,304,0,1,1,1,264369,0.013824885,0.005745757,2009
443,304,1,1,0,0,264369,0.013166557,0.005745757,2009
444,304,0,1,0,0,264369,0.008558262,0.005745757,2009
445,304,0,1,1,0,264369,0.007241606,0.005745757,2009
446,304,1,1,1,1,264369,0.004608295,0.005745757,2009
447,304,1,1,1,0,264369,0.003949967,0.005745757,2009
448,305,1,0,0,1,264369,0.191523605,0.014101502,2009
449,305,1,1,0,1,264369,0.115075107,0.014101502,2009
450,305,1,0,0,0,264369,0.104345494,0.014101502,2009
451,305,1,1,1,1,264369,0.077253219,0.014101502,2009
452,305,0,0,0,1,264369,0.074302575,0.014101502,2009
453,305,1,1,0,0,264369,0.073766094,0.014101502,2009
454,305,0,0,0,0,264369,0.072156652,0.014101502,2009
455,305,1,0,1,1,264369,0.068401288,0.014101502,2009
456,305,1,0,1,0,264369,0.051233906,0.014101502,2009
457,305,1,1,1,0,264369,0.047746781,0.014101502,2009
458,305,0,0,1,0,264369,0.042381974,0.014101502,2009
459,305,0,0,1,1,264369,0.036212446,0.014101502,2009
460,305,0,1,0,1,264369,0.02306867,0.014101502,2009
461,305,0,1,1,1,264369,0.012875536,0.014101502,2009
462,305,0,1,0,0,264369,0.006169528,0.014101502,2009
463,305,0,1,1,0,264369,0.003487124,0.014101502,2009
464,306,0,1,0,1,264369,0.233685033,0.009679652,2009
465,306,0,1,1,1,264369,0.1328644,0.009679652,2009
466,306,1,0,0,1,264369,0.114497851,0.009679652,2009
467,306,0,1,1,0,264369,0.089097304,0.009679652,2009
468,306,0,1,0,0,264369,0.082454084,0.009679652,2009
469,306,1,0,0,0,264369,0.061352091,0.009679652,2009
470,306,0,0,0,1,264369,0.048847206,0.009679652,2009
471,306,1,1,0,1,264369,0.048065651,0.009679652,2009
472,306,0,0,0,0,264369,0.038296209,0.009679652,2009
473,306,1,0,1,0,264369,0.032043767,0.009679652,2009
474,306,0,0,1,1,264369,0.029308324,0.009679652,2009
475,306,1,0,1,1,264369,0.028526768,0.009679652,2009
476,306,0,0,1,0,264369,0.023446659,0.009679652,2009
477,306,1,1,1,1,264369,0.015240328,0.009679652,2009
478,306,1,1,0,0,264369,0.013677218,0.009679652,2009
479,306,1,1,1,0,264369,0.008597108,0.009679652,2009
480,307,1,0,0,1,264369,0.196193265,0.010334041,2009
481,307,0,1,0,1,264369,0.15556369,0.010334041,2009
482,307,1,0,0,0,264369,0.097364568,0.010334041,2009
483,307,1,1,0,1,264369,0.086383602,0.010334041,2009
484,307,1,0,1,1,264369,0.080527086,0.010334041,2009
485,307,0,1,1,1,264369,0.066983895,0.010334041,2009
486,307,0,1,0,0,264369,0.052342606,0.010334041,2009
487,307,0,1,1,0,264369,0.047584187,0.010334041,2009
488,307,1,0,1,0,264369,0.035139092,0.010334041,2009
489,307,1,1,1,1,264369,0.029648609,0.010334041,2009
490,307,0,0,0,0,264369,0.028916545,0.010334041,2009
491,307,1,1,0,0,264369,0.028916545,0.010334041,2009
492,307,0,0,0,1,264369,0.028550512,0.010334041,2009
493,307,0,0,1,1,264369,0.025622255,0.010334041,2009
494,307,0,0,1,0,264369,0.023426061,0.010334041,2009
495,307,1,1,1,0,264369,0.016837482,0.010334041,2009
496,308,1,0,0,1,264369,0.274245344,0.005889495,2009
497,308,0,0,0,1,264369,0.170199101,0.005889495,2009
498,308,1,0,0,0,264369,0.116891458,0.005889495,2009
499,308,0,0,0,0,264369,0.111753372,0.005889495,2009
500,308,0,0,1,1,264369,0.075786769,0.005889495,2009
501,308,1,0,1,1,264369,0.071933205,0.005889495,2009
502,308,0,0,1,0,264369,0.052023121,0.005889495,2009
503,308,1,0,1,0,264369,0.046242775,0.005889495,2009
504,308,0,1,0,1,264369,0.023763648,0.005889495,2009
505,308,0,1,1,0,264369,0.01669878,0.005889495,2009
506,308,0,1,0,0,264369,0.010918433,0.005889495,2009
507,308,0,1,1,1,264369,0.010276172,0.005889495,2009
508,308,1,1,0,1,264369,0.008991651,0.005889495,2009
509,308,1,1,1,1,264369,0.003853565,0.005889495,2009
510,308,1,1,0,0,264369,0.003211304,0.005889495,2009
511,308,1,1,1,0,264369,0.003211304,0.005889495,2009
512,309,1,0,0,1,264369,0.24255121,0.008125007,2009
513,309,0,0,0,1,264369,0.157821229,0.008125007,2009
514,309,0,0,0,0,264369,0.113594041,0.008125007,2009
515,309,1,0,0,0,264369,0.09310987,0.008125007,2009
516,309,0,0,1,1,264369,0.079608939,0.008125007,2009
517,309,0,0,1,0,264369,0.067970205,0.008125007,2009
518,309,1,0,1,1,264369,0.060986965,0.008125007,2009
519,309,1,0,1,0,264369,0.040037244,0.008125007,2009
520,309,1,1,0,1,264369,0.027467412,0.008125007,2009
521,309,0,1,0,1,264369,0.025139665,0.008125007,2009
522,309,0,1,1,1,264369,0.021880819,0.008125007,2009
523,309,1,1,1,1,264369,0.020484171,0.008125007,2009
524,309,1,1,0,0,264369,0.019087523,0.008125007,2009
525,309,0,1,1,0,264369,0.012569832,0.008125007,2009
526,309,0,1,0,0,264369,0.009776536,0.008125007,2009
527,309,1,1,1,0,264369,0.007914339,0.008125007,2009
528,310,0,1,0,1,264369,0.293941306,0.023974067,2009
529,310,0,1,1,1,264369,0.158567371,0.023974067,2009
530,310,1,1,0,1,264369,0.11517829,0.023974067,2009
531,310,0,1,0,0,264369,0.096560429,0.023974067,2009
532,310,0,1,1,0,264369,0.086935942,0.023974067,2009
533,310,1,0,0,1,264369,0.05285579,0.023974067,2009
534,310,1,1,1,1,264369,0.040864626,0.023974067,2009
535,310,1,1,0,0,264369,0.039760177,0.023974067,2009
536,310,1,0,1,1,264369,0.026349006,0.023974067,2009
537,310,1,0,0,0,264369,0.023508993,0.023974067,2009
538,310,1,1,1,0,264369,0.020353424,0.023974067,2009
539,310,0,0,0,1,264369,0.011517829,0.023974067,2009
540,310,1,0,1,0,264369,0.010886715,0.023974067,2009
541,310,0,0,0,0,264369,0.008677816,0.023974067,2009
542,310,0,0,1,1,264369,0.008520038,0.023974067,2009
543,310,0,0,1,0,264369,0.005522247,0.023974067,2009
544,311,1,1,0,1,264369,0.202117816,0.03679327,2009
545,311,0,1,0,1,264369,0.163051301,0.03679327,2009
546,311,1,1,1,1,264369,0.101367328,0.03679327,2009
547,311,0,1,1,1,264369,0.096535417,0.03679327,2009
548,311,1,1,0,0,264369,0.080189164,0.03679327,2009
549,311,1,0,0,1,264369,0.078030225,0.03679327,2009
550,311,0,1,0,0,264369,0.064356945,0.03679327,2009
551,311,0,1,1,0,264369,0.050478051,0.03679327,2009
552,311,1,1,1,0,264369,0.042561941,0.03679327,2009
553,311,1,0,1,1,264369,0.039374936,0.03679327,2009
554,311,1,0,0,0,264369,0.035673897,0.03679327,2009
555,311,1,0,1,0,264369,0.025907268,0.03679327,2009
556,311,0,0,0,1,264369,0.00699085,0.03679327,2009
557,311,0,0,1,0,264369,0.004729105,0.03679327,2009
558,311,0,0,0,0,264369,0.004317878,0.03679327,2009
559,311,0,0,1,1,264369,0.004317878,0.03679327,2009
560,312,1,1,0,1,264369,0.202102804,0.032378985,2009
561,312,0,1,0,1,264369,0.201051402,0.032378985,2009
562,312,0,1,1,1,264369,0.136098131,0.032378985,2009
563,312,1,1,1,1,264369,0.098130841,0.032378985,2009
564,312,1,0,0,1,264369,0.073831776,0.032378985,2009
565,312,1,1,0,0,264369,0.058995327,0.032378985,2009
566,312,0,1,0,0,264369,0.04953271,0.032378985,2009
567,312,0,1,1,0,264369,0.038084112,0.032378985,2009
568,312,1,1,1,0,264369,0.03411215,0.032378985,2009
569,312,1,0,1,1,264369,0.033060748,0.032378985,2009
570,312,1,0,0,0,264369,0.029439252,0.032378985,2009
571,312,1,0,1,0,264369,0.018457944,0.032378985,2009
572,312,0,0,0,1,264369,0.010046729,0.032378985,2009
573,312,0,0,0,0,264369,0.006074766,0.032378985,2009
574,312,0,0,1,0,264369,0.005490654,0.032378985,2009
575,312,0,0,1,1,264369,0.005490654,0.032378985,2009
576,313,1,1,0,1,264369,0.266381523,0.044218498,2009
577,313,1,1,1,1,264369,0.157570573,0.044218498,2009
578,313,1,1,0,0,264369,0.13635586,0.044218498,2009
579,313,0,1,0,1,264369,0.102566296,0.044218498,2009
580,313,1,1,1,0,264369,0.081950385,0.044218498,2009
581,313,0,1,1,1,264369,0.059709153,0.044218498,2009
582,313,1,0,0,1,264369,0.04867408,0.044218498,2009
583,313,0,1,0,0,264369,0.033618477,0.044218498,2009
584,313,1,0,0,0,264369,0.030367836,0.044218498,2009
585,313,0,1,1,0,264369,0.026090676,0.044218498,2009
586,313,1,0,1,1,264369,0.02352438,0.044218498,2009
587,313,1,0,1,0,264369,0.014798973,0.044218498,2009
588,313,0,0,0,0,264369,0.006244654,0.044218498,2009
589,313,0,0,0,1,264369,0.005389222,0.044218498,2009
590,313,0,0,1,0,264369,0.003763901,0.044218498,2009
591,313,0,0,1,1,264369,0.002994012,0.044218498,2009
592,314,1,1,0,1,264369,0.198030808,0.02381898,2009
593,314,0,1,0,1,264369,0.133079244,0.02381898,2009
594,314,1,0,0,1,264369,0.104653009,0.02381898,2009
595,314,1,1,1,1,264369,0.092742576,0.02381898,2009
596,314,0,1,1,1,264369,0.081626171,0.02381898,2009
597,314,1,1,0,0,264369,0.073527076,0.02381898,2009
598,314,1,0,0,0,264369,0.047006511,0.02381898,2009
599,314,1,1,1,0,264369,0.046371288,0.02381898,2009
600,314,0,1,0,0,264369,0.043353978,0.02381898,2009
601,314,1,0,1,1,264369,0.037160553,0.02381898,2009
602,314,0,1,1,0,264369,0.034302049,0.02381898,2009
603,314,0,0,0,0,264369,0.030014293,0.02381898,2009
604,314,1,0,1,0,264369,0.02334445,0.02381898,2009
605,314,0,0,0,1,264369,0.022391615,0.02381898,2009
606,314,0,0,1,0,264369,0.017468636,0.02381898,2009
607,314,0,0,1,1,264369,0.014927743,0.02381898,2009
608,315,0,1,0,1,264369,0.202398221,0.039115781,2009
609,315,1,1,0,1,264369,0.185475293,0.039115781,2009
610,315,0,1,1,1,264369,0.12174838,0.039115781,2009
611,315,1,1,1,1,264369,0.091093705,0.039115781,2009
612,315,1,1,0,0,264369,0.085871773,0.039115781,2009
613,315,0,1,0,0,264369,0.065757664,0.039115781,2009
614,315,1,1,1,0,264369,0.057344551,0.039115781,2009
615,315,0,1,1,0,264369,0.053089643,0.039115781,2009
616,315,1,0,0,1,264369,0.049995165,0.039115781,2009
617,315,1,0,1,1,264369,0.025239339,0.039115781,2009
618,315,1,0,0,0,264369,0.024852529,0.039115781,2009
619,315,1,0,1,0,264369,0.016052606,0.039115781,2009
620,315,0,0,0,1,264369,0.007639493,0.039115781,2009
621,315,0,0,0,0,264369,0.005608742,0.039115781,2009
622,315,0,0,1,0,264369,0.004061503,0.039115781,2009
623,315,0,0,1,1,264369,0.003771395,0.039115781,2009
624,316,1,0,0,1,264369,0.273026316,0.004599632,2009
625,316,1,0,0,0,264369,0.181743421,0.004599632,2009
626,316,0,0,0,1,264369,0.126644737,0.004599632,2009
627,316,0,0,0,0,264369,0.121710526,0.004599632,2009
628,316,1,0,1,0,264369,0.078947368,0.004599632,2009
629,316,1,0,1,1,264369,0.073190789,0.004599632,2009
630,316,0,0,1,0,264369,0.066611842,0.004599632,2009
631,316,0,0,1,1,264369,0.057565789,0.004599632,2009
632,316,1,1,0,1,264369,0.004934211,0.004599632,2009
633,316,0,1,0,1,264369,0.004111842,0.004599632,2009
634,316,1,1,0,0,264369,0.003289474,0.004599632,2009
635,316,1,1,1,0,264369,0.003289474,0.004599632,2009
636,316,0,1,1,1,264369,0.001644737,0.004599632,2009
637,316,1,1,1,1,264369,0.001644737,0.004599632,2009
638,316,0,1,0,0,264369,0.000822368,0.004599632,2009
639,316,0,1,1,0,264369,0.000822368,0.004599632,2009
640,317,1,0,0,1,264369,0.262046205,0.011461253,2009
641,317,0,0,0,0,264369,0.168646865,0.011461253,2009
642,317,0,0,0,1,264369,0.159735974,0.011461253,2009
643,317,0,0,1,0,264369,0.094059406,0.011461253,2009
644,317,0,0,1,1,264369,0.08679868,0.011461253,2009
645,317,1,0,0,0,264369,0.079537954,0.011461253,2009
646,317,1,0,1,1,264369,0.066336634,0.011461253,2009
647,317,1,0,1,0,264369,0.033993399,0.011461253,2009
648,317,0,1,0,1,264369,0.011551155,0.011461253,2009
649,317,1,1,0,1,264369,0.011551155,0.011461253,2009
650,317,0,1,1,1,264369,0.008580858,0.011461253,2009
651,317,1,1,1,1,264369,0.006270627,0.011461253,2009
652,317,0,1,0,0,264369,0.004290429,0.011461253,2009
653,317,1,1,0,0,264369,0.002640264,0.011461253,2009
654,317,0,1,1,0,264369,0.001980198,0.011461253,2009
655,317,1,1,1,0,264369,0.001980198,0.011461253,2009
656,318,0,1,0,1,264369,0.21343464,0.021904989,2009
657,318,0,1,1,1,264369,0.135727854,0.021904989,2009
658,318,1,0,0,1,264369,0.120877223,0.021904989,2009
659,318,0,1,0,0,264369,0.089449145,0.021904989,2009
660,318,0,1,1,0,264369,0.064928337,0.021904989,2009
661,318,1,1,0,1,264369,0.063546883,0.021904989,2009
662,318,0,0,0,0,264369,0.05439475,0.021904989,2009
663,318,1,0,0,0,264369,0.042652392,0.021904989,2009
664,318,0,0,0,1,264369,0.040234847,0.021904989,2009
665,318,0,0,1,0,264369,0.038853393,0.021904989,2009
666,318,1,0,1,1,264369,0.032809532,0.021904989,2009
667,318,1,1,1,1,264369,0.026247626,0.021904989,2009
668,318,0,0,1,1,264369,0.02469349,0.021904989,2009
669,318,1,0,1,0,264369,0.021239855,0.021904989,2009
670,318,1,1,0,0,264369,0.018649629,0.021904989,2009
671,318,1,1,1,0,264369,0.012260404,0.021904989,2009
672,401,0,1,0,1,264369,0.247871159,0.020433561,2009
673,401,0,1,1,1,264369,0.141058867,0.020433561,2009
674,401,1,0,0,1,264369,0.09866716,0.020433561,2009
675,401,1,1,0,1,264369,0.089226213,0.020433561,2009
676,401,0,1,0,0,264369,0.084042947,0.020433561,2009
677,401,0,1,1,0,264369,0.065716401,0.020433561,2009
678,401,1,0,0,0,264369,0.05646057,0.020433561,2009
679,401,1,1,1,1,264369,0.035172158,0.020433561,2009
680,401,1,0,1,1,264369,0.031840059,0.020433561,2009
681,401,0,0,0,1,264369,0.029248427,0.020433561,2009
682,401,1,1,0,0,264369,0.026101444,0.020433561,2009
683,401,0,0,0,0,264369,0.021473528,0.020433561,2009
684,401,1,0,1,0,264369,0.020362829,0.020433561,2009
685,401,1,1,1,0,264369,0.019807479,0.020433561,2009
686,401,0,0,1,1,264369,0.017771196,0.020433561,2009
687,401,0,0,1,0,264369,0.015179563,0.020433561,2009
688,402,0,1,0,1,264369,0.250932519,0.011154863,2009
689,402,0,1,1,1,264369,0.13394371,0.011154863,2009
690,402,1,0,0,1,264369,0.12377077,0.011154863,2009
691,402,0,1,0,0,264369,0.082739912,0.011154863,2009
692,402,1,1,0,1,264369,0.082061716,0.011154863,2009
693,402,0,1,1,0,264369,0.062394032,0.011154863,2009
694,402,1,0,0,0,264369,0.050525602,0.011154863,2009
695,402,1,0,1,1,264369,0.03899627,0.011154863,2009
696,402,0,0,0,0,264369,0.028484232,0.011154863,2009
697,402,0,0,0,1,264369,0.028145134,0.011154863,2009
698,402,1,0,1,0,264369,0.027466938,0.011154863,2009
699,402,1,1,1,1,264369,0.023397762,0.011154863,2009
700,402,0,0,1,0,264369,0.02204137,0.011154863,2009
701,402,0,0,1,1,264369,0.019328586,0.011154863,2009
702,402,1,1,0,0,264369,0.0169549,0.011154863,2009
703,402,1,1,1,0,264369,0.008816548,0.011154863,2009
704,403,0,1,0,1,264369,0.183037975,0.014941237,2009
705,403,1,0,0,1,264369,0.16,0.014941237,2009
706,403,0,1,1,1,264369,0.093164557,0.014941237,2009
707,403,0,0,0,1,264369,0.084303797,0.014941237,2009
708,403,1,1,0,1,264369,0.064556962,0.014941237,2009
709,403,1,0,0,0,264369,0.054177215,0.014941237,2009
710,403,1,0,1,1,264369,0.052405063,0.014941237,2009
711,403,0,1,0,0,264369,0.050886076,0.014941237,2009
712,403,0,0,1,1,264369,0.04835443,0.014941237,2009
713,403,0,0,0,0,264369,0.047848101,0.014941237,2009
714,403,0,1,1,0,264369,0.041518987,0.014941237,2009
715,403,0,0,1,0,264369,0.035696203,0.014941237,2009
716,403,1,0,1,0,264369,0.03164557,0.014941237,2009
717,403,1,1,1,1,264369,0.022531646,0.014941237,2009
718,403,1,1,0,0,264369,0.019746835,0.014941237,2009
719,403,1,1,1,0,264369,0.010126582,0.014941237,2009
720,404,1,0,0,1,264369,0.233243162,0.012584683,2009
721,404,0,1,0,1,264369,0.104298167,0.012584683,2009
722,404,1,0,0,0,264369,0.100691313,0.012584683,2009
723,404,1,0,1,1,264369,0.089269612,0.012584683,2009
724,404,0,1,1,1,264369,0.06101593,0.012584683,2009
725,404,1,0,1,0,264369,0.060715359,0.012584683,2009
726,404,1,1,0,1,264369,0.056206793,0.012584683,2009
727,404,0,0,0,1,264369,0.053501653,0.012584683,2009
728,404,0,0,0,0,264369,0.050796513,0.012584683,2009
729,404,0,0,1,1,264369,0.036369101,0.012584683,2009
730,404,0,0,1,0,264369,0.033964533,0.012584683,2009
731,404,0,1,0,0,264369,0.027351969,0.012584683,2009
732,404,1,1,1,1,264369,0.025247971,0.012584683,2009
733,404,0,1,1,0,264369,0.024045687,0.012584683,2009
734,404,1,1,1,0,264369,0.023444545,0.012584683,2009
735,404,1,1,0,0,264369,0.019837692,0.012584683,2009
736,405,0,1,0,1,264369,0.312653779,0.021522947,2009
737,405,0,1,1,1,264369,0.176625659,0.021522947,2009
738,405,0,1,0,0,264369,0.132513181,0.021522947,2009
739,405,0,1,1,0,264369,0.098945518,0.021522947,2009
740,405,1,1,0,1,264369,0.081546573,0.021522947,2009
741,405,1,0,0,1,264369,0.043585237,0.021522947,2009
742,405,1,1,0,0,264369,0.026362039,0.021522947,2009
743,405,1,1,1,1,264369,0.02513181,0.021522947,2009
744,405,1,0,0,0,264369,0.024077329,0.021522947,2009
745,405,1,0,1,1,264369,0.014762742,0.021522947,2009
746,405,1,1,1,0,264369,0.014411248,0.021522947,2009
747,405,0,0,1,0,264369,0.011599297,0.021522947,2009
748,405,1,0,1,0,264369,0.011247803,0.021522947,2009
749,405,0,0,0,0,264369,0.010193322,0.021522947,2009
750,405,0,0,0,1,264369,0.009666081,0.021522947,2009
751,405,0,0,1,1,264369,0.006678383,0.021522947,2009
752,406,0,1,0,1,264369,0.286473233,0.027768006,2009
753,406,0,1,1,1,264369,0.150796894,0.027768006,2009
754,406,1,1,0,1,264369,0.120147119,0.027768006,2009
755,406,0,1,0,0,264369,0.071379921,0.027768006,2009
756,406,1,1,1,1,264369,0.055442038,0.027768006,2009
757,406,1,0,0,1,264369,0.051491622,0.027768006,2009
758,406,0,1,1,0,264369,0.050810516,0.027768006,2009
759,406,1,1,0,0,264369,0.05012941,0.027768006,2009
760,406,1,1,1,0,264369,0.038141943,0.027768006,2009
761,406,0,0,0,1,264369,0.025473369,0.027768006,2009
762,406,1,0,1,1,264369,0.022612723,0.027768006,2009
763,406,1,0,0,0,264369,0.022067838,0.027768006,2009
764,406,0,0,0,0,264369,0.017027653,0.027768006,2009
765,406,0,0,1,1,264369,0.015665441,0.027768006,2009
766,406,0,0,1,0,264369,0.011851246,0.027768006,2009
767,406,1,0,1,0,264369,0.010489034,0.027768006,2009
768,407,0,1,0,1,264369,0.256610995,0.043484675,2009
769,407,0,1,1,1,264369,0.163361169,0.043484675,2009
770,407,1,0,0,1,264369,0.121172582,0.043484675,2009
771,407,0,1,0,0,264369,0.083072373,0.043484675,2009
772,407,0,1,1,0,264369,0.07289492,0.043484675,2009
773,407,1,1,0,1,264369,0.058716075,0.043484675,2009
774,407,1,0,1,1,264369,0.050191371,0.043484675,2009
775,407,1,0,0,0,264369,0.048799582,0.043484675,2009
776,407,1,0,1,0,264369,0.025574113,0.043484675,2009
777,407,0,0,0,1,264369,0.024878219,0.043484675,2009
778,407,1,1,1,1,264369,0.021137787,0.043484675,2009
779,407,0,0,0,0,264369,0.019137091,0.043484675,2009
780,407,0,0,1,1,264369,0.018006263,0.043484675,2009
781,407,0,0,1,0,264369,0.014439805,0.043484675,2009
782,407,1,1,0,0,264369,0.013743911,0.043484675,2009
783,407,1,1,1,0,264369,0.008263744,0.043484675,2009
784,408,0,1,0,1,264369,0.240985479,0.023183505,2009
785,408,0,1,1,1,264369,0.165442976,0.023183505,2009
786,408,1,0,0,1,264369,0.096753141,0.023183505,2009
787,408,1,1,0,1,264369,0.073421439,0.023183505,2009
788,408,0,1,0,0,264369,0.064447708,0.023183505,2009
789,408,0,1,1,0,264369,0.05367923,0.023183505,2009
790,408,1,0,0,0,264369,0.040789688,0.023183505,2009
791,408,0,0,0,1,264369,0.039158101,0.023183505,2009
792,408,1,0,1,1,264369,0.037200196,0.023183505,2009
793,408,0,0,0,0,264369,0.035731767,0.023183505,2009
794,408,1,1,1,1,264369,0.031815957,0.023183505,2009
795,408,0,0,1,1,264369,0.029042258,0.023183505,2009
796,408,1,1,0,0,264369,0.025942242,0.023183505,2009
797,408,0,0,1,0,264369,0.024963289,0.023183505,2009
798,408,1,1,1,0,264369,0.022352749,0.023183505,2009
799,408,1,0,1,0,264369,0.01827378,0.023183505,2009
800,409,0,1,0,1,264369,0.242925278,0.011896251,2009
801,409,0,1,1,1,264369,0.126232114,0.011896251,2009
802,409,1,0,0,1,264369,0.109062003,0.011896251,2009
803,409,0,1,0,0,264369,0.075039746,0.011896251,2009
804,409,1,1,0,1,264369,0.071860095,0.011896251,2009
805,409,1,0,0,0,264369,0.06899841,0.011896251,2009
806,409,0,1,1,0,264369,0.06709062,0.011896251,2009
807,409,1,0,1,1,264369,0.046104928,0.011896251,2009
808,409,1,1,1,1,264369,0.038155803,0.011896251,2009
809,409,1,0,1,0,264369,0.030842607,0.011896251,2009
810,409,1,1,0,0,264369,0.030524642,0.011896251,2009
811,409,0,0,0,0,264369,0.022893482,0.011896251,2009
812,409,0,0,1,0,264369,0.019395866,0.011896251,2009
813,409,1,1,1,0,264369,0.019077901,0.011896251,2009
814,409,0,0,0,1,264369,0.016534181,0.011896251,2009
815,409,0,0,1,1,264369,0.015262321,0.011896251,2009
816,410,0,1,0,1,264369,0.277047805,0.013530331,2009
817,410,0,1,1,1,264369,0.17360917,0.013530331,2009
818,410,0,1,0,0,264369,0.110707297,0.013530331,2009
819,410,0,1,1,0,264369,0.087783058,0.013530331,2009
820,410,1,0,0,1,264369,0.0835896,0.013530331,2009
821,410,1,1,0,1,264369,0.043332401,0.013530331,2009
822,410,1,0,0,0,264369,0.041934582,0.013530331,2009
823,410,0,0,0,1,264369,0.029354207,0.013530331,2009
824,410,1,0,1,1,264369,0.028515516,0.013530331,2009
825,410,0,0,0,0,264369,0.027676824,0.013530331,2009
826,410,0,0,1,0,264369,0.025999441,0.013530331,2009
827,410,0,0,1,1,264369,0.02376293,0.013530331,2009
828,410,1,0,1,0,264369,0.023483366,0.013530331,2009
829,410,1,1,0,0,264369,0.009784736,0.013530331,2009
830,410,1,1,1,1,264369,0.009225608,0.013530331,2009
831,410,1,1,1,0,264369,0.004193458,0.013530331,2009
832,411,0,1,0,1,264369,0.33620108,0.022423204,2009
833,411,0,1,1,1,264369,0.210863698,0.022423204,2009
834,411,0,1,0,0,264369,0.106443995,0.022423204,2009
835,411,0,1,1,0,264369,0.086707152,0.022423204,2009
836,411,1,0,0,1,264369,0.054993252,0.022423204,2009
837,411,1,1,0,1,264369,0.041666667,0.022423204,2009
838,411,1,0,0,0,264369,0.024797571,0.022423204,2009
839,411,0,0,0,1,264369,0.023616734,0.022423204,2009
840,411,1,0,1,1,264369,0.023616734,0.022423204,2009
841,411,0,0,0,0,264369,0.017375169,0.022423204,2009
842,411,0,0,1,1,264369,0.016025641,0.022423204,2009
843,411,0,0,1,0,264369,0.01585695,0.022423204,2009
844,411,1,0,1,0,264369,0.014676113,0.022423204,2009
845,411,1,1,1,1,264369,0.01400135,0.022423204,2009
846,411,1,1,0,0,264369,0.007591093,0.022423204,2009
847,411,1,1,1,0,264369,0.005566802,0.022423204,2009
848,412,0,0,0,1,264369,0.217245241,0.016889272,2009
849,412,1,0,0,1,264369,0.205599104,0.016889272,2009
850,412,0,0,0,0,264369,0.139977604,0.016889272,2009
851,412,0,0,1,1,264369,0.095408735,0.016889272,2009
852,412,1,0,0,0,264369,0.092049272,0.016889272,2009
853,412,0,0,1,0,264369,0.084210526,0.016889272,2009
854,412,1,0,1,1,264369,0.060470325,0.016889272,2009
855,412,1,0,1,0,264369,0.04031355,0.016889272,2009
856,412,0,1,0,1,264369,0.015005599,0.016889272,2009
857,412,1,1,0,1,264369,0.011198208,0.016889272,2009
858,412,1,1,1,1,264369,0.009630459,0.016889272,2009
859,412,0,1,1,1,264369,0.009182531,0.016889272,2009
860,412,0,1,1,0,264369,0.006047032,0.016889272,2009
861,412,0,1,0,0,264369,0.00537514,0.016889272,2009
862,412,1,1,1,0,264369,0.004255319,0.016889272,2009
863,412,1,1,0,0,264369,0.004031355,0.016889272,2009
864,413,0,1,0,1,264369,0.239693356,0.022203814,2009
865,413,0,1,1,1,264369,0.123850085,0.022203814,2009
866,413,0,0,0,0,264369,0.104770017,0.022203814,2009
867,413,1,0,0,1,264369,0.102725724,0.022203814,2009
868,413,0,0,0,1,264369,0.088245315,0.022203814,2009
869,413,0,0,1,0,264369,0.07802385,0.022203814,2009
870,413,0,0,1,1,264369,0.056388416,0.022203814,2009
871,413,0,1,0,0,264369,0.049744463,0.022203814,2009
872,413,0,1,1,0,264369,0.038330494,0.022203814,2009
873,413,1,0,0,0,264369,0.036115843,0.022203814,2009
874,413,1,1,0,1,264369,0.029471891,0.022203814,2009
875,413,1,0,1,1,264369,0.026064736,0.022203814,2009
876,413,1,0,1,0,264369,0.016013629,0.022203814,2009
877,413,1,1,1,1,264369,0.005962521,0.022203814,2009
878,413,1,1,0,0,264369,0.002555366,0.022203814,2009
879,413,1,1,1,0,264369,0.002044293,0.022203814,2009
880,414,0,1,0,1,264369,0.15583367,0.01873896,2009
881,414,1,1,0,1,264369,0.13847396,0.01873896,2009
882,414,0,1,1,1,264369,0.099111829,0.01873896,2009
883,414,1,0,0,1,264369,0.090835688,0.01873896,2009
884,414,1,1,1,1,264369,0.077916835,0.01873896,2009
885,414,0,1,0,0,264369,0.064997981,0.01873896,2009
886,414,1,1,0,0,264369,0.064796124,0.01873896,2009
887,414,0,1,1,0,264369,0.058740412,0.01873896,2009
888,414,1,1,1,0,264369,0.053693985,0.01873896,2009
889,414,1,0,0,0,264369,0.053492128,0.01873896,2009
890,414,1,0,1,1,264369,0.042188131,0.01873896,2009
891,414,1,0,1,0,264369,0.034113847,0.01873896,2009
892,414,0,0,0,0,264369,0.022002422,0.01873896,2009
893,414,0,0,0,1,264369,0.017157852,0.01873896,2009
894,414,0,0,1,0,264369,0.016955995,0.01873896,2009
895,414,0,0,1,1,264369,0.00968914,0.01873896,2009
896,501,0,1,0,1,264369,0.238064236,0.017430183,2009
897,501,0,1,1,1,264369,0.152560764,0.017430183,2009
898,501,0,1,1,0,264369,0.115451389,0.017430183,2009
899,501,0,1,0,0,264369,0.113932292,0.017430183,2009
900,501,1,1,0,1,264369,0.06640625,0.017430183,2009
901,501,1,0,0,1,264369,0.0625,0.017430183,2009
902,501,1,0,0,0,264369,0.041232639,0.017430183,2009
903,501,0,0,0,0,264369,0.029947917,0.017430183,2009
904,501,1,1,0,0,264369,0.025390625,0.017430183,2009
905,501,1,1,1,1,264369,0.025173611,0.017430183,2009
906,501,0,0,0,1,264369,0.024956597,0.017430183,2009
907,501,1,0,1,1,264369,0.024522569,0.017430183,2009
908,501,0,0,1,0,264369,0.024088542,0.017430183,2009
909,501,1,0,1,0,264369,0.021918403,0.017430183,2009
910,501,0,0,1,1,264369,0.016927083,0.017430183,2009
911,501,1,1,1,0,264369,0.016927083,0.017430183,2009
912,502,0,1,0,1,264369,0.244484959,0.020747516,2009
913,502,0,1,1,1,264369,0.172470374,0.020747516,2009
914,502,0,1,1,0,264369,0.128532361,0.020747516,2009
915,502,0,1,0,0,264369,0.124156791,0.020747516,2009
916,502,1,1,0,1,264369,0.119781222,0.020747516,2009
917,502,1,0,0,1,264369,0.037739289,0.020747516,2009
918,502,1,1,1,1,264369,0.037374658,0.020747516,2009
919,502,1,1,0,0,264369,0.034275296,0.020747516,2009
920,502,1,0,0,0,264369,0.018049225,0.020747516,2009
921,502,1,1,1,0,264369,0.01786691,0.020747516,2009
922,502,0,0,0,0,264369,0.014220602,0.020747516,2009
923,502,0,0,1,0,264369,0.012032817,0.020747516,2009
924,502,1,0,1,1,264369,0.011485871,0.020747516,2009
925,502,0,0,0,1,264369,0.009662716,0.020747516,2009
926,502,1,0,1,0,264369,0.009662716,0.020747516,2009
927,502,0,0,1,1,264369,0.008204193,0.020747516,2009
928,503,0,1,0,1,264369,0.257589051,0.02155699,2009
929,503,0,1,1,1,264369,0.194244604,0.02155699,2009
930,503,0,1,0,0,264369,0.188278645,0.02155699,2009
931,503,0,1,1,0,264369,0.180733462,0.02155699,2009
932,503,1,1,0,1,264369,0.059133181,0.02155699,2009
933,503,1,1,0,0,264369,0.021933673,0.02155699,2009
934,503,1,1,1,1,264369,0.021407264,0.02155699,2009
935,503,1,0,0,1,264369,0.012809265,0.02155699,2009
936,503,1,1,1,0,264369,0.011580979,0.02155699,2009
937,503,0,0,0,1,264369,0.010352693,0.02155699,2009
938,503,0,0,0,0,264369,0.010177224,0.02155699,2009
939,503,0,0,1,0,264369,0.010177224,0.02155699,2009
940,503,0,0,1,1,264369,0.008071592,0.02155699,2009
941,503,1,0,0,0,264369,0.005965959,0.02155699,2009
942,503,1,0,1,1,264369,0.005088612,0.02155699,2009
943,503,1,0,1,0,264369,0.002456571,0.02155699,2009
