"","CBCD","n_mixture","lambda_1","alpha_1","beta_1","lambda_2","alpha_2","beta_2","lambda_3","alpha_3","beta_3","lambda_4","alpha_4","beta_4","lambda_5","alpha_5","beta_5","lambda_6","alpha_6","beta_6","lambda_7","alpha_7","beta_7","lambda_8","alpha_8","beta_8","lambda_9","alpha_9","beta_9","lambda_10","alpha_10","beta_10","lambda_11","alpha_11","beta_11","lambda_12","alpha_12","beta_12","lambda_13","alpha_13","beta_13","lambda_14","alpha_14","beta_14","lambda_15","alpha_15","beta_15","lambda_16","alpha_16","beta_16","lambda_17","alpha_17","beta_17","lambda_18","alpha_18","beta_18","lambda_19","alpha_19","beta_19","lambda_20","alpha_20","beta_20"
"1",407,10,0.0432307770015462,54.5527885848939,0.0353119838136639,0.157723504648579,12.9899180926194,0.30631235470373,0.0848724891997858,196.097592004165,0.0339221265536558,0.0656931455413402,138.322319850156,0.0562666786249794,0.110567213041273,69.257001644291,0.157281940051948,0.190357468686296,42.1058455608908,0.397387230041536,0.142977404257208,64.4145684510147,0.42294457272791,0.106468657169214,40.811162696003,1.0585541341355,0.0792442004188331,21.3128818519884,3.78280498506235,0.0188651400359252,7.74810927202803,23.2146042096767,NA,NA,NA,NA,NA,NA,NA,NA,NA,NA,NA,NA,NA,NA,NA,NA,NA,NA,NA,NA,NA,NA,NA,NA,NA,NA,NA,NA,NA,NA
"2",210,19,0.0876134179859046,9.36451920010139,0.241326395097026,0.0699760464695039,53.1451865062674,0.0903526189355736,0.0810106467641194,212.345509822644,0.0315278028980421,0.0397818679399575,267.393783760087,0.0286730877294187,0.054584978161289,168.869090046257,0.0541036170025309,0.0310953906454869,436.326879128119,0.0252848418653379,0.0632271780518018,281.488686310845,0.0468932585736754,0.0608820070446458,479.174487502548,0.0304162109310269,0.0345659971629393,428.267160209879,0.0395813418908459,0.0879329678206624,347.445022869893,0.0585233498197372,0.0567944964748941,185.811758281943,0.135692288917788,0.0572903996487494,463.246010340209,0.0632187005546,0.106608868738614,81.2557450917064,0.469848434375889,0.0231790926892599,867.051990039388,0.0573813019150106,0.058945410209179,181.289186775707,0.332100351500849,0.0180403336715184,404.320196910454,0.185142506881219,0.0250427878737897,241.237884340417,0.382984526815667,0.03846371060146,9.82442739127452,15.8221496699254,0.00496440204622444,15.8023633804619,22.7230175833284,NA,NA,NA
"3",403,14,0.0438511877285663,37.0421838090476,0.051055713034673,2.84573130913276e-10,35.2958015267175,0.0766081871345031,0.0839859865320279,50.3591694583269,0.0702235531437927,0.0319836304531709,226.737442724397,0.0217739082571354,0.109262644809966,213.478266204087,0.0313743128854418,0.11104599496536,64.3303374946397,0.14077396956922,0.124432584293792,139.190232310481,0.0952308801652541,0.0405911016884642,355.895936842048,0.0464950725603574,0.0864567630838262,240.334776487965,0.0849806014681019,0.0580598131330168,220.161103212542,0.117784377363445,0.14099727930892,36.1169786125963,1.02580008743919,0.0628347959220995,130.506618274955,0.448269317290888,0.0389106344680009,123.33382360813,0.640022502380198,0.0675875833282166,5.05299121162627,28.6260751976952,NA,NA,NA,NA,NA,NA,NA,NA,NA,NA,NA,NA,NA,NA,NA,NA,NA,NA
"4",207,18,0.0136931654674621,8.57647058823529,0.143097643097643,0.0751783848811023,14.8111049441595,0.195922578521647,0.0684457997080955,38.1299367986406,0.137839648864943,0.0749715728214922,254.235269975924,0.0287236395690808,0.0872195643302513,67.473493861943,0.15181486292805,0.0567702487096697,706.928559470471,0.0192683736622082,0.0738496147489485,164.326500589345,0.0985189097236664,0.0754373089927032,360.727331396918,0.0576911488274146,0.0330830880556538,523.743756350071,0.0472712323924384,0.029478324913827,2881.3601098709,0.0095329411145838,0.0461253131872562,934.904332147584,0.0308114820041624,0.0682466750325172,366.472658393942,0.0920233171777672,0.0597276083168771,306.752841366833,0.13458782768563,0.0273189620258815,1178.09959138061,0.0413383336824144,0.017992000823592,1498.48813522174,0.0360263661991145,0.0775862178068788,84.4274049343838,0.777177186736858,0.080601532905349,26.2553513077338,4.01333011154618,0.0342746172724424,6.07249735776479,41.3351900037044,NA,NA,NA,NA,NA,NA
"5",111,17,0.0749035705559806,9.93269416585779,0.237082516221629,0.0483582040742003,81.3471806893016,0.0539426856870301,0.11098173584002,82.3238704542384,0.0781977873507293,0.103580988097797,44.3708620974102,0.212367665816708,0.0905410514527718,269.862168041805,0.0505612836529834,0.0684974143824309,142.706410299816,0.119589294306973,0.0410366940553443,1951.10320225072,0.0105926749220355,0.0159629309784787,1751.53541690339,0.0124518725815387,0.095720164317452,198.38544793155,0.131627550306765,0.0612774150660273,232.553967377022,0.135741782873167,0.0351003247792991,712.715396164688,0.0509252840805449,0.0683413824328057,177.990274260399,0.248603484877821,0.0806382520367322,75.9209944767437,0.806944791979208,0.00348856658907983,47734.2889276648,0.00161005173688062,0.00113807418377289,23793.424513347,0.00328788984058496,0.0832681158474296,16.9605106830959,6.58937055557811,0.0171651153103772,9.59542089365813,27.1321251032412,NA,NA,NA,NA,NA,NA,NA,NA,NA
"6",310,12,0.100042974879617,12.4618197218838,0.201528694038747,0.113462508535475,39.6492661417025,0.125346642441129,0.0914524273420104,441.731112486465,0.0155682686638342,0.0554281095995644,152.63193154611,0.053333589653042,0.109791698502813,68.1608246229875,0.167171654482689,0.0480558396100047,1190.07705509954,0.0119508936129686,0.0588189522594452,234.319841797422,0.0703997329734916,0.0587219368542386,424.42993759247,0.0477824174622933,0.0978935000644284,100.05715928422,0.261785156210951,0.100365939737925,79.7767122616907,0.469410260020951,0.0782298900034877,55.8285300367881,1.01781422691696,0.0877362226109908,7.70711815656127,13.5242480425112,NA,NA,NA,NA,NA,NA,NA,NA,NA,NA,NA,NA,NA,NA,NA,NA,NA,NA,NA,NA,NA,NA,NA,NA
"7",205,20,0.0405584842589871,13.2396708683473,0.127428890128277,0.0705138604067244,16.5903087033132,0.217520957682823,0.0310947139742203,134.571043221526,0.039432508674736,0.0553662995096032,169.303605906877,0.0380754904476345,0.0743094970824898,99.0167795644715,0.0784067046144602,0.0159502481864476,363.060521759416,0.0260939530539322,0.0191051875218447,469.401023232111,0.0220716713503115,0.0409398890731776,240.92055900985,0.0503140540640081,0.107992913317786,135.335324661004,0.110613995999224,0.0497406844570693,357.690695247261,0.0545891138880472,0.0262214352162778,5568.99093814982,0.00378756527006926,0.0410365033247862,492.233615737813,0.0470415639676469,0.0708201998193578,744.895479877857,0.0368064417027878,0.0120998290221789,2726.39176545632,0.01087698213648,0.00623454512813822,32671.0099449449,0.000949958729877381,0.0870084810175707,147.919516557255,0.246072820205918,0.10517734938881,56.2562760812047,0.905329972041719,0.0585560291997071,97.9008386010798,0.767712482257139,0.0599509642449175,35.1667812790869,3.11732069022041,0.0273228858499055,8.92320937274226,26.6178784553982
"8",312,14,0.107780791843643,16.709959348656,0.142840003350614,0.092953114495344,55.8552926374894,0.0811442308481401,0.107399848354577,184.493614296029,0.0358271135585588,0.0716360720721887,135.087587646225,0.0580593519385301,0.0548736055641065,196.779275413135,0.0499495743029343,0.035955170957027,627.694233895471,0.0186025582469913,0.0609514779576072,659.545548824656,0.0205779347820647,0.123550571216869,59.0812457909927,0.296725283125283,0.0439431600440863,275.013659501214,0.0833712559033472,0.13506123148913,65.9704661288552,0.47846051688087,0.00325726705786077,6902.25060631175,0.00587972469388781,0.0559549748768838,89.7095686134172,0.539931062454249,0.094774679702036,15.668851833475,5.37444813166852,0.0119080343686412,7.24905595135317,29.1696986748055,NA,NA,NA,NA,NA,NA,NA,NA,NA,NA,NA,NA,NA,NA,NA,NA,NA,NA
"9",110,3,0.208353941787934,2.86462318778174,2.07586336572094,0.61495616672043,1.97360217475266,12.5246880379328,0.176689891491636,1.36793944440253,57.5936911001502,NA,NA,NA,NA,NA,NA,NA,NA,NA,NA,NA,NA,NA,NA,NA,NA,NA,NA,NA,NA,NA,NA,NA,NA,NA,NA,NA,NA,NA,NA,NA,NA,NA,NA,NA,NA,NA,NA,NA,NA,NA,NA,NA,NA,NA,NA,NA,NA,NA,NA,NA
"10",502,18,0.0328022903780596,15.7508771929824,0.110486528396977,0.0771151245091806,32.0383065824767,0.0832156330141735,0.0478142405725795,133.969935311607,0.0288958665317441,3.24230884509183e-12,94.3732913385832,0.0491279213705681,0.0393552700632561,691.562858129059,0.00728862240256384,0.0835339315051398,180.206980945523,0.0365785828148581,0.0691203406445166,122.494229269851,0.0641981828309886,0.0897853561379381,71.6459695554404,0.153879300095179,0.0224295680466769,788.705979441189,0.0172322084371198,0.0307653758914204,1196.32773654094,0.0118855533142866,0.0606090688399857,157.768967126722,0.105506659483669,0.0305449021833596,1000.6010862228,0.0199704521766844,0.106162503347373,90.010689037956,0.272326524249872,0.084091816717369,110.91515598401,0.302798050908121,0.0596995152340776,136.041745615818,0.334079027170071,0.0609586749738324,187.173582564452,0.327478317267159,0.0381071883080445,152.998801547241,0.542148333376835,0.0671048326439481,3.61247201438021,42.6297159676129,NA,NA,NA,NA,NA,NA
"11",317,19,0.0263112246170044,17.6991151918719,0.0999814574994115,0.0568323034000941,14.8867829790183,0.196090186234187,0.0344206788853259,89.6561010945491,0.0514089607718532,0.0474412065261808,72.2034477163302,0.0806431791954258,0.109049066497552,104.870310529497,0.072563170489343,0.0762533131096002,83.2620825081688,0.133857773163648,0.0452139322750186,1131.90406128081,0.0121782445980236,0.0952059667070785,74.7158467057064,0.225564460547446,0.0413371033113742,1975.92092778075,0.0106919983046107,0.0304675944355608,1156.82050808566,0.0200187393579465,0.014758703784868,3063.83522480024,0.00823704228420212,0.0811711230470548,636.164915818457,0.0442685758765971,0.0274193102928358,903.019483210218,0.0361742414017383,0.0308897428837033,48458.0721760195,0.000721627024435275,0.0839653353910595,101.765526033251,0.407996587135788,0.0465276130542996,268.200912771868,0.204910664063958,0.0637949527744565,68.9953595804575,1.0682297074685,0.00678354892149058,20077711.1994242,4.53319617956821e-06,0.0821572800854428,3.37004599277697,47.6671645038273,NA,NA,NA
"12",307,11,0.0368417098678702,17.1651358801111,0.102657848713674,0.123687804176917,13.8391052355209,0.262359525174512,0.10038999006231,91.2651240698729,0.0700463032072491,0.10541890087978,63.9034933298349,0.132080002569715,0.0291763258665688,542.050524802145,0.0203033862370407,0.0923004234292536,262.817639253314,0.0502848498899518,0.153937724206298,51.7646392838487,0.358181315984263,0.071882177106714,207.378998079041,0.127725869965754,0.178567821178815,23.9547856100996,1.70623740355684,0.0735374290322719,40.4060592993922,1.92803637814521,0.034259694193202,5.82117265915491,27.621476945621,NA,NA,NA,NA,NA,NA,NA,NA,NA,NA,NA,NA,NA,NA,NA,NA,NA,NA,NA,NA,NA,NA,NA,NA,NA,NA,NA
"13",401,15,0.0733376455629556,12.8687524199385,14691.776706871,0.0313887679651908,56.0974456815792,5014.32651118511,0.0994038141725421,47.0241282838531,8906.74910862458,0.0857430985157024,309.637744157756,1901.66457561304,0.0637742034110435,164.391075735439,4392.19882208026,0.139956801039318,67.8985703243773,15722.7721423277,0.0295704713973415,711.101398502672,1861.30678770367,0.102260626400406,131.793030951287,12817.4927310124,0.118851593018945,82.1814373299819,29227.1338502883,0.12403699684019,40.3980536845951,92828.210169124,0.00334818884721909,7902321.03559912,0.623034088647616,0.00369211933863987,2190.35777681446,2313.6384629228,0.0998356382948512,20.9374404944587,354979.318495892,0.0135861828287174,87.8693091757383,152493.337391869,0.0112138523669389,13.6423587555743,1609287.44843029,NA,NA,NA,NA,NA,NA,NA,NA,NA,NA,NA,NA,NA,NA,NA
"14",107,20,0.039159567653117,21.8968563134597,0.0828988569404169,0.0131376374693999,80.0333333333331,0.036014405762305,0.0586748363512463,27.2876941981669,0.140414305629041,0.0557088432527864,147.107974334641,0.0385728791054159,0.0973495986081653,137.10176646112,0.0527832829307526,0.0878963067265956,75.8776679376143,0.1388996769156,0.0462511217687084,737.253529827669,0.0182486403854725,0.0769952042309918,177.741463720399,0.0858092038861524,0.110334186008081,143.61274517657,0.144959892016664,0.00663760943313799,7218733.39148879,3.46290764069738e-06,0.0635074084320231,761.002902434054,0.0357751336328895,0.02175144766588,2224.60877832059,0.0131930756114063,0.0225164058557943,1335.68761701614,0.0238850237110081,0.0730255010483286,218.900409475553,0.168933668106898,0.0148436390945063,7462.44258086566,0.00567465856743354,0.0847525570349019,77.1880984986215,0.692680583150352,0.0419981418383735,129.780904673784,0.564540980416791,0.0456644114647034,95.6711288264788,1.05038398523437,0.0110855555091116,257.149899488894,0.535709392697642,0.0287100205541479,6.42497481942944,37.8203492614225
"15",413,19,0.0366333324281744,43.3745791245793,0.0439788250101801,0.0535967048416391,36.8244153193815,0.0933575674731333,0.0800519084596374,46.6977015399723,0.124860790322599,0.0568309740417677,262.569675332625,0.0277446734878327,0.0890051528301524,65.6068726906956,0.1487748971624,0.0889815783663702,268.53470720071,0.0502284242398775,0.0678695833370009,135.237966965264,0.124379132646963,0.0688663957375704,350.878370522935,0.060389014073248,0.00753124825202367,1324800.99984577,1.81002027243776e-05,0.0414958734413176,332.774648303069,0.0797957318384899,0.0257001561058981,3431.35094366988,0.00830867032726887,0.0744725896563034,190.130498831553,0.177364118074246,0.0899040568553536,113.126607601096,0.399906212887736,0.0834747933286673,109.251002247036,0.575730908993314,0.0463283725341914,186.022680032129,0.461075177697464,0.0204526729073948,545.518541907633,0.190572878783361,0.0434200739895798,39.0002326082575,3.71047052638307,0.0248647088109568,11.9346587466991,22.2120822241773,0.000519824076000889,125.56563892043,4.7743953294412,NA,NA,NA
"16",414,19,0.0375598906510085,17.1803760282021,0.102610478085247,0.0460854668223436,24.5852605332711,0.100584585090808,0.107783163453808,26.2336814934836,0.153193031839597,0.0398344411224836,285.662917924544,0.0205029577324482,0.070710382223082,834.700511617665,0.00831102788456319,0.0855596246511536,65.3116165360448,0.127403379368055,0.035321110551158,427.485861388079,0.0253635244022259,0.102108932893368,274.394431928456,0.048315376820589,0.0426989979295411,414.242041196245,0.0370734901640476,0.0261120614757212,667.665799272521,0.0267766072161199,0.0979948444595148,158.490952702306,0.136033510289118,0.0136169045069308,1750.38237993729,0.0148912324392381,0.0595499812393521,884.974504763917,0.0320723387475544,0.0501254177616546,454.315644719286,0.0743379721109446,0.0781953754590857,94.6521758874048,0.460616034418004,0.0165602340243825,1055.90979866099,0.0530765033822678,0.0304366743697262,230.533411958783,0.287515509795278,0.0484904957354839,25.8791858773463,3.87420314610136,0.0112560006702014,6.4764190688098,35.8107834841304,NA,NA,NA
"17",318,19,0.0548810549015392,15.3493312807836,0.146798898541859,0.0480452229697549,45.7332484808673,0.0815148999973223,0.0662752555323163,122.272987844688,0.0451289457201829,0.0552616306580404,668.214766873654,0.0103574985498672,0.0898887589097378,46.5646194372463,0.188209181022079,0.0263347046831898,541.808912674299,0.0210745072455459,0.0955835912366798,299.866308248042,0.0449059895487915,0.0133381984841681,1041.70829145613,0.0147386703049728,0.0132160529854725,1834.42146934249,0.00882245917724275,0.0757237042652681,178.040796380711,0.108555730389035,0.0384375623912185,911.221759693179,0.0241521594682278,0.100132244926741,281.367706671517,0.0959345644954867,0.0194405430001319,951.376417192873,0.0321990252562266,0.0624763060376344,283.085289545556,0.126458153173704,0.0238408845887402,8961.58353791641,0.00467252286895761,0.0674967021863947,143.560938558121,0.350112291628985,0.0702521359503787,77.7766833552256,0.895856574441042,0.0251494741107169,235.477652800406,0.400448057410263,0.054225972181877,4.03855995862788,46.9451673264961,NA,NA,NA
"18",409,17,0.0112406694786681,12.6632747456059,0.131990231990232,0.0518490580605448,24.1185557642212,0.0982559523809526,0.0861499137711161,28.2901329119367,0.148479346075771,0.0506275260064709,169.186651222783,0.0380761902656264,0.0886624914927741,125.678657810578,0.0603842791108835,0.0591202293960915,180.568908257156,0.0558254761731667,0.0882088814448266,199.45680357843,0.0650960842678764,0.0997800802223985,73.4832377780971,0.228990899998676,0.0234532322573699,11054784.6152389,1.89954127002133e-06,0.102427646288612,107.297961137035,0.233728048106953,0.00587046588464068,5862.99386936866,0.00491429816267275,0.0899122095859148,111.275393809779,0.30810664727851,0.0389237994489937,716.583322735269,0.0602936294858298,0.0228634325902827,1228.02314053548,0.039698589183152,0.0538313860670131,200.035542140971,0.294404675782802,0.0794659283447827,39.7773900559823,2.18085007455088,0.0476130496594993,4.58450155517948,40.7441603887413,NA,NA,NA,NA,NA,NA,NA,NA,NA
"19",412,19,0.0432113525458698,23.4978831817426,0.0777835657261925,0.0715434312883116,21.1330818888277,0.147186785012519,0.0907870566476781,51.6494077171517,0.0996840163111502,0.0713092172476822,467.837691986541,0.0147169470561977,0.0665601816000538,166.9626993381,0.0515084105641102,0.0624209305989376,157.089953432176,0.0712253370169489,0.0795398657319605,512.989537149736,0.0271569264117614,0.013847057906784,1087.41645439292,0.0140987250147593,0.0257319384681474,1096.62265782124,0.0150656027797488,0.0349381987549481,910.686868065007,0.0201934932349349,0.017028691558955,1659.9399029935,0.0121680707734143,0.03502599469856,2206.56851816346,0.00965133624501461,0.0781741561442335,171.630969259159,0.150282818277054,0.0676220737534215,227.500311495445,0.139388038132005,0.0361221228001697,390.798056447891,0.0961300926658079,0.0353416248740119,423.246402244645,0.103718064130561,0.0862275006825857,43.7214160807724,1.39115652660852,0.0723794110033928,16.1371029872096,7.18827793056107,0.0121891936942968,7.04442595191175,39.9979362297838,NA,NA,NA
"20",209,19,0.0178319268054788,13.9158240955532,0.122390230563814,0.0307293277127424,25.6064229977808,0.0893274442134036,0.0288901283452711,80.9989928139699,0.0388114155225411,0.0595242501830557,69.732657631035,0.0662246005838751,0.0831985683500313,188.20362533947,0.0351956900826901,0.0429980975666199,228.292753732162,0.0329533334868919,0.0782446909569339,79.7240048285326,0.120625495338561,0.0422143854991486,364.387481215123,0.0348620967313285,0.0896765296246641,296.773370437686,0.049568724896925,0.0159995616344426,1350.9883177298,0.0128397337323968,0.0153246154982008,1490.40449346396,0.0123277495565184,0.0673871108132407,481.790865289585,0.0428463757025255,0.0367953815774442,416.027171972621,0.0574100245251629,0.0843459840518029,424.660091796003,0.0669321247857993,0.0523888238163345,662.736375174018,0.0513232832544965,0.0662063824119466,171.394415753856,0.243179381496526,0.0349587971905737,370.467167925324,0.140773742578169,0.0828927551275219,40.2422914548777,1.8212484794359,0.0703926828345463,3.85429473265754,44.2276462066184,NA,NA,NA
"21",305,18,0.112353773636364,8.9264761743839,0.312027314788616,0.0558656692274039,114.752845676047,0.04661036242931,0.0848037028584828,264.184146879068,0.0256441176892152,0.121897528020236,48.399040380003,0.195876468110646,0.0708861020215131,343.534521021742,0.038721843314508,0.0329050900784151,857.92902675211,0.0169292392980801,0.0577017778487698,174.748511745398,0.0971489326217115,0.0247979146066542,1977.92354699174,0.00997177506694607,0.0144761982569991,3112.28922351598,0.00669034990843347,0.0245634388330789,1886.832673455,0.011371699992215,0.0632783771031939,218.822574749068,0.113980855599315,0.0553491314688732,870.597514037363,0.0331023408086152,0.0743549933798487,272.613289164215,0.127598529759369,0.0296700527280328,1308.68112223982,0.0316766707431364,0.0156233897767627,1033.80317248986,0.0443971520769508,0.0958401952444174,38.9042594032076,1.61870799142571,0.0602873093904893,15.5867567266154,7.49591658811099,0.00534535552046465,11.4237496356758,26.093617772472,NA,NA,NA,NA,NA,NA
"22",112,19,0.032915830334843,19.4150665026015,0.0922488994966116,0.0834511011960406,14.6509842217415,0.225478859827698,0.0676798242341111,74.2655050580581,0.0774372063788333,0.0597251974073804,446.077534140719,0.015990257726344,0.063472961956723,130.356111602783,0.0682254255755688,0.0228163122323711,599.150692224152,0.0179151440648361,0.0644737794026358,256.252734494483,0.0505194730877042,0.0766596885616365,170.99999883214,0.0892620974833127,0.0642157851547559,312.74735306677,0.0631816513882091,0.0521608023447966,267.892802133589,0.0865624552237686,0.0371514301224274,1348.40318776204,0.0202495815936664,0.0593486321039061,268.84639212194,0.114028642310796,0.00858201252067941,5872507.34704749,5.79061596231217e-06,0.0844895027616266,123.302468124481,0.32040304669375,0.0830752565196828,98.2000825393948,0.566814922496152,0.0303059904181891,326.358355936273,0.218939406265164,0.0798368643027918,26.476036250877,4.05848655412845,0.00275887434010362,2026.53353089715,0.0797952400012897,0.0268801540852993,8.35904400544708,29.7052750468899,NA,NA,NA
"23",313,14,0.0625110341987968,42.5484906872189,0.0447902882457857,0.0912504987448011,21.306458631646,0.140272939576179,0.116185256688268,51.5632018613659,0.0944478481359157,0.157475844542076,129.455753402481,0.0536542892543288,0.110256356975326,64.1363975203571,0.15277797014344,0.0182845115052585,722.942231637745,0.0170254142928916,0.0228278521708185,982.730154443222,0.0134767526499189,0.136277594327063,68.9730033007134,0.232029887796976,0.0149937372394077,1869.04169412407,0.0108891742431908,0.0316251670327187,827.452323131732,0.0261283231632408,0.0730394828226304,168.145024365406,0.15886928115415,0.0285074215955618,418.369774330536,0.0783773422964054,0.0977350287811275,20.5828807002701,2.35689586891708,0.0390302133761452,4.87576658943479,23.5475322610922,NA,NA,NA,NA,NA,NA,NA,NA,NA,NA,NA,NA,NA,NA,NA,NA,NA,NA
"24",311,20,0.0511356296809233,82.4225035486946,0.0236751351252034,0.0811094159982045,40.9387691225282,0.0824971701378842,0.0855609720206942,60.9693514896131,0.0842971106243029,0.0627869783869042,243.934190504329,0.027668692554781,0.0706050931540039,291.644048984447,0.024819713576923,0.0811974509896207,137.121854379818,0.0653507448991255,0.00893795390392427,739.551275985518,0.0146024255178946,0.0288612222078377,563.441904412648,0.0204147045328313,0.039478695918258,253.313235728541,0.0518769504089549,0.04320521127841,3999.3664298047,0.00351554408088544,0.027330448737964,1086.94103620227,0.0140942545599715,0.036800702873033,492.673396440621,0.0353147719652559,0.0533981449528702,524.415376950997,0.0387723798376681,0.0456541075798486,286.33496326073,0.0840472641405704,0.0707367869664878,279.42870728643,0.104724274875609,0.0828255072650344,82.7833698340002,0.476439218493034,0.0812650299650651,37.2303145576346,1.68890829807866,0.0185053198061262,440.557455923468,0.20637762048888,0.00241862958812819,4593.25539845681,0.0218475444202529,0.0281866987266617,8.03530760031916,18.1084194492228
"25",103,18,0.0819753367667102,14.1821188983002,0.161642563948011,0.0464154515677942,86.1137401719685,0.0443242834063301,0.0781872138383556,113.002483582663,0.0489971940240315,0.0738696065757116,1552510.20793949,4.50833003175623e-06,0.00251429276646338,613.957371392724,0.0115535835666696,0.0354256871947094,656.756903059569,0.0123553726235678,0.0799136405147517,108.118789889839,0.0940634457852019,0.0761424686869881,286.464615793571,0.0461608960685844,0.071569995270473,165.400336018576,0.0955027630424625,0.083456000083361,236.923872229965,0.0862537993527156,0.0535792544482421,257.602531809694,0.0990460839860154,0.0662398216055157,238.788329549789,0.127261322682113,0.0071389421186649,56522.8306618416,0.000602103020165686,0.0601863169629688,195.654309806244,0.195008001671677,0.0692822958208905,89.8513422230501,0.57470305276767,0.00643385297930067,11393.4007426099,0.00553299862638223,0.0197587614152871,367.727071533341,0.191390016882838,0.0879110613838122,4.8613164485417,24.5464456004259,NA,NA,NA,NA,NA,NA
"26",314,17,0.037094883033449,22.0576323987539,0.0823657707357754,0.0530480803217568,29.687255489034,0.0885729888789327,0.0435853002112046,72.5529785088087,0.0515112564470867,0.0828624232569275,65.9123672202621,0.0797847663296305,0.0791893832755242,309.83311142286,0.0219943789710108,0.092771119824524,78.3078335717149,0.111134444300762,0.0486210875912157,307.75597336638,0.0383658048968894,0.0113650775679466,1306.53632119043,0.0100778061508572,0.101364028643426,198.350528345004,0.0748973502968505,0.0823748099975791,208.818181062937,0.0955940439907313,0.0374884622896523,313.890005521409,0.0773751545399823,0.077759160167986,221.439637355029,0.1336142903475,0.0971882056300198,94.8829281054226,0.417991079040044,0.0567642360088198,108.764060750227,0.512961396355615,0.0759654971531784,29.1985508283816,2.97984463894552,0.00860618770208917,203.728592306776,0.698349334479351,0.0139520573247013,11.1884527740568,20.675169622301,NA,NA,NA,NA,NA,NA,NA,NA,NA
"27",204,16,0.0745484281459292,10.1645318779718,0.225279857376924,0.0422054882430825,83.2110055842392,0.0523182445440197,0.0471620021101917,130.249535472781,0.0429141128906278,0.0749289221043167,251.312569436349,0.0271749270813666,0.0721517709783506,117.243341546599,0.0754230274604909,0.0892645593044721,133.28002452415,0.0951066227169941,0.0900343479611026,125.574387646591,0.122732999148649,0.0414939673461382,644.586272331656,0.0301715273387822,0.0366731230928868,2424.84191748152,0.00876522674012552,0.060132864702381,188.15642276875,0.134847831707385,0.0335415015560917,10087543.4815858,2.77589460164637e-06,0.0721880907025136,215.57332291652,0.1487867313574,0.0541648803338201,215.801053248448,0.186160194366915,0.0627699343598245,115.207261522262,0.46390853165655,0.0907029307097863,37.1270749952899,2.20886940766706,0.0580371883491123,5.19905653514664,34.69780182497,NA,NA,NA,NA,NA,NA,NA,NA,NA,NA,NA,NA
"28",315,20,0.00908974634939947,28.1747792011138,0.0659039618617999,0.0499482062884002,45.5873923867065,0.0462930649565836,0.0654213085579848,51.96862020189,0.0635141180198193,0.0661367582843668,81.4376576211863,0.0552706617924774,0.0653027062330174,155.499992139747,0.0366574253757866,0.0828514533406787,1925.05931690106,0.00362216233924439,0.0418328585883151,306.992159234413,0.0251830872285586,0.0864657118508361,138.189171484579,0.0711512847084155,0.0349696535041884,374.217393541436,0.0326110892015236,0.0465079575647683,844.160034201428,0.0161802615681175,0.0728148168272434,163.322766123474,0.0946792363073816,0.062101333456051,302.643823357998,0.0650721811374884,0.052413093190423,226.519992399377,0.104106950694849,0.0365409315545823,1300.21876409836,0.0212839467357032,0.0506841809122972,268.820894623698,0.119670252515592,0.0405657282156318,240.120201107639,0.159922765247961,0.0662135463824458,57.894874706158,0.923251382981685,0.00743606423950749,1525.1835730808,0.0463525369626983,0.0557944665017099,24.9447260848575,3.90799821262841,0.00690947815815294,8.28530020694733,26.569321379204
"29",309,18,0.0689660608207963,9.67387615006914,0.216792337392828,0.10149226028062,24.7656848455041,0.185359250476013,0.100241530229779,183.513411536611,0.0373043818420793,0.101647368832308,51.8420447443266,0.184619762531553,0.0911914676292081,264.006536801842,0.0520300137362656,0.0612846085887373,152.09724715208,0.113428758376992,0.0303923498310709,1967.29576218311,0.0105076059354246,0.0840122323776331,123.731013560095,0.198953471640723,0.0417405886215266,1523.45088011701,0.0187458182643472,0.00507692845437243,4045.36500868018,0.00754052269726305,0.0863194122639366,142.936774575949,0.250716845096773,0.020906317715387,4304.79176943916,0.00985807632165553,0.0334445976528261,449.857409885184,0.107328839761102,0.0442623203004846,344.093537017528,0.166080356854955,0.0266994876481801,683.036825416351,0.096447192414301,0.0448054733238968,103.596674993371,0.80633875180634,0.00399059139666207,58307.764705491,0.00167692550506176,0.0535264040325755,4.20259770540621,38.7495812148312,NA,NA,NA,NA,NA,NA
"30",308,20,0.0183018786278553,14.8809523809523,0.115862068965518,0.0404032821890046,24.3098720839407,0.10077163461062,0.0485375870641339,39.165616783337,0.100385004703225,0.0434263934046067,121.589900509487,0.0445127940632545,0.0588619153621106,214.414414173049,0.0312359745386,0.0825382232199924,101.667347848264,0.0765873088678343,0.072240285793673,128.726228057054,0.0856042085031258,0.063900295076244,870.676562516475,0.0157131538338569,0.0194582114369931,889.90863433356,0.0163864538963949,0.024194213208208,1035.05131128847,0.0148543360433606,0.0561365037857034,175.432324877825,0.102032419026678,0.0524971344948902,1120.70537071103,0.0188074088457267,0.0935252027129006,210.611929920099,0.124334003775239,0.0436746472813676,582.122509310965,0.0512765791717296,0.0810188449111605,189.734923805558,0.189515260185217,0.0581953374066004,220.412265366799,0.205238658007773,0.0216031844679738,1051.47145250801,0.0515756883891824,0.0472271049715848,129.169936019274,0.508154531240879,0.0401634842564641,99.9329313071739,0.921756421364964,0.0340962703285329,6.82790087253956,25.3895713882905
"31",109,20,0.0660247079502987,11.1812360003877,0.19506493238367,0.0580847187003457,36.9248385842755,0.11432881958543,0.0705302908315281,87.9775133996766,0.0702094126569432,0.0927067551323423,110.136708047255,0.0694818145462417,0.0800788495029864,96.93705900785,0.110722113084038,0.05990617204385,868.33015661676,0.0157555158934454,0.0874282990178426,92.9856611004201,0.183632129476795,0.0879570645676137,118.979818095001,0.193011832422941,0.070863823734995,1151.10012380776,0.0247821124490623,0.0264417865290073,1543.52513248105,0.020513672656344,0.0192117466333822,1830.04455715013,0.0186387191920641,0.0167257121644198,5146.89033532706,0.00689243689820784,0.0435536008810152,442.432585772357,0.09016166826982,0.0407220510367692,323.306807577074,0.145728959046159,0.033209755973184,377.257194214345,0.15162300818647,0.00889857324161165,25398240.1613758,2.48032276776144e-06,0.0591379292357501,80.9539545473344,0.93172939986615,0.0470994258805366,53.1520939125734,2.07250248497303,0.000898178969723572,57555720.6139062,2.58903697668039e-06,0.0305205579727978,6.86338757151295,33.5084689301184
"32",212,15,0.089395636465365,7.24309166659941,29182.0244593331,0.129087000700571,30.5557868116539,16576.6938738246,0.143299361951568,31.978075535197,24236.409538989,0.0922775194783584,304.604419184506,3864.97729494061,0.0789438922814627,85.4434240148952,17928.9509586724,0.0311112391658618,2290.05215686955,802.821390607996,0.0368606306291812,553.040502884968,3676.72427788162,0.0589863316996691,926.272350389257,2545.6875604773,0.00707449763657789,5782.31089979471,430.308235430291,0.0633757115324641,280.803346927942,9787.4054457115,0.134154943192459,39.8192225710736,96067.2466695007,0.00318474286462101,9424.19517054789,530.828201336766,0.0326985660844421,347.962317426261,15942.9512646361,0.0375956845763217,115.474120511813,62108.2539378708,0.0619542417410765,4.37727968357157,3379927.09110459,NA,NA,NA,NA,NA,NA,NA,NA,NA,NA,NA,NA,NA,NA,NA
"33",301,17,0.0565798911668203,12.0550383662751,0.175341755045532,0.071184312471434,30.6395156523105,0.131632904651053,0.0659258796124682,76.0228938671457,0.0792138029110256,0.0714547554953888,292.204461161099,0.0247633988235612,0.0642254173033433,143.190541638088,0.0627237675771321,0.0417649926480046,309.817109897986,0.0372387395705504,0.0354639922726807,758.360081221208,0.0176683286470349,0.0621004005126214,659.723349025428,0.0219841999679338,0.0392925846105543,560.696225273643,0.0298430865567886,0.101126687160692,174.905760997862,0.119220161108652,0.0321765974638519,755.575962091958,0.0336973447503018,0.0516180042717673,1723.07161147216,0.0163036430927661,0.090064932994605,158.682866470798,0.214081093561433,0.0962479173907707,68.1961999968333,0.714376084271716,0.0631876986540258,47.5439546388592,1.57950439048647,0.00248236174410917,7066.29096887368,0.0137124035452474,0.0551035742268619,5.06664152067101,30.7888157041194,NA,NA,NA,NA,NA,NA,NA,NA,NA
"34",402,18,0.0662558052832367,18.202112297269,0.119995230827928,0.0809336104942537,26.2988293786816,0.14702716939161,0.0301041028964269,237.280536484118,0.0216239918241074,0.0893838333517109,199.505021170945,0.033390329839521,0.0747029981730629,128.906506057651,0.0637071142107862,0.0543689310848424,193.86016584019,0.0551076580235109,0.0439198597378442,508.66702025428,0.0248835380037281,0.0650572400578401,1122.25016381412,0.0126887990166748,0.0411004015895632,567.150172798337,0.0285432007718987,0.0985856904280056,145.568391355936,0.140908270689658,0.0781888692706114,283.573249848092,0.0958734787075435,0.0599059126179413,333.197052880895,0.0995368738299008,0.0602288442868716,204.131630802386,0.202053498006881,0.00591622303126955,4255.4298160693,0.0111854643104654,0.0160106223297598,933.239753687315,0.0545641933466497,0.0571236933495982,85.4239712833689,0.735921879449013,0.0303236434153179,221.456462253023,0.398050428948719,0.0478897186018437,7.13868384335904,21.5224154923393,NA,NA,NA,NA,NA,NA
"35",404,15,0.0583479517566885,65.0998370259559,0.0297759484522447,0.0504519946881376,97.2390057986809,0.0298646557532127,0.0801788801452776,80.9723236957935,0.0540099942513897,0.0812657096339684,71.4029504247201,0.0859706719389509,0.0731843046209064,300.328364256879,0.0240644997222228,0.0713884914390415,137.359382023509,0.0654981240471701,0.0250773147382805,539.065055915856,0.019812100183532,0.116045250896547,123.969227703577,0.10606192115447,0.0936306137368814,98.7510361874618,0.179887938964491,0.129564037505102,57.8125540985746,0.451121661480871,0.113605589834562,36.7227121027997,1.15380645494118,0.0431078762604047,112.862895247626,0.585524579127391,0.00242314404932046,6117.14804373755,0.0129373425448905,0.0162435382027231,371.619611244594,0.238303836614779,0.0454853024921595,4.37741353723819,35.9838510789176,NA,NA,NA,NA,NA,NA,NA,NA,NA,NA,NA,NA,NA,NA,NA
"36",306,17,0.0462716685109789,17.0257964257964,0.10341004049624,0.066041211758262,35.7811959087336,0.094958460343075,0.0782405686397051,75.8911119169172,0.0704688895361014,0.0631319834541508,417.787797051917,0.0164381006172809,0.0734024807934117,122.131121170965,0.0651602569582171,0.103119165662046,74.3503411415618,0.154482435223672,0.0652732933506812,1010.92660468925,0.0141314747106775,0.0147724934002143,1460.7655101741,0.0107988729897115,0.0292097055110672,737.785902935193,0.0232418929602573,0.068302766431898,369.391748851973,0.0542702010875097,0.0647741665843672,191.391865859373,0.127007118413747,0.0312264819436176,4123.88315962095,0.00679666342339089,0.0959062331252761,136.617530880716,0.244008234186593,0.068128823562157,158.434074652002,0.284750766127954,0.0395125592784223,361.691462053099,0.158673531901062,0.0727715133187751,37.4534397047508,2.1831635700908,0.0199148846749694,9.28633643049094,17.1469280753513,NA,NA,NA,NA,NA,NA,NA,NA,NA
"37",206,18,0.0669766786888097,11.5524501913628,0.184765451097286,0.0676364824166361,32.4632921516631,0.126224297611482,0.0476824496999247,156.318048878874,0.0364600186301917,0.0728853307460796,316.036351893067,0.0216107462950209,0.0910195799159935,74.3559556072367,0.121821009623625,0.0879233718206619,156.746174702709,0.0826291457026105,0.045380253350351,381.015809632474,0.0396555067218193,0.00664475952721302,1883.52877591077,0.00891854350630274,0.0193497306645279,873.441602634283,0.020332578757271,0.0797803523677061,296.775714765141,0.0706636982454892,0.0498645122422439,296.861104392489,0.0879987207800687,0.0555990112892227,2028.51418210341,0.0140258424719852,0.0411902916403181,419.961751803725,0.0770450168995929,0.0417569908045458,516.130769862838,0.0709495983800092,0.084580489691193,76.3430988088607,0.637482189368026,0.00582102379445111,3807.25654037397,0.0159135904212459,0.101835302150077,23.7570712778954,3.59314465299365,0.0340733891900449,5.99355243606763,33.6205879411585,NA,NA,NA,NA,NA,NA
"38",304,16,0.0856174834005785,10.5328956759211,0.21146056022042,0.0637157621116368,67.7815344529534,0.0645348182384997,0.0790099182072737,83.3146888534133,0.0757828213847615,0.0958141651061379,76.9956732500367,0.105253240546776,0.0876086842718214,104.325535675109,0.11185029843429,0.0486821816479226,35952.6057620434,0.000389630590272972,0.0180575172547877,4280237.44981265,3.50417426428601e-06,0.0472062437939185,252.198772089437,0.0664872496343673,0.0524266018102367,573.393661485406,0.0351246364500519,0.0672510532518825,229.146435930366,0.10203949694205,0.0449548810414516,1341.13054636983,0.0203810359604626,0.061092358781941,277.373654981768,0.109513889307459,0.0229000484326855,5175.3576629982,0.00668636457974339,0.0688867675377371,108.751313413794,0.373158154325261,0.127492442283278,15.7447871287066,4.6467700518883,0.0292838910667109,4.82689266093262,37.9443778884554,NA,NA,NA,NA,NA,NA,NA,NA,NA,NA,NA,NA
"39",106,19,0.0504318328478591,31.3614370382108,0.0596675682138143,0.0931268590201547,20.6386870458531,0.163599098175856,0.0676256041943871,121.027675581287,0.0450877976365347,0.0567887450275998,689.92236598894,0.0100345738366567,0.04714739708787,196.241436660906,0.0413731054216047,0.072929568786354,107.553501170079,0.0977741347927295,0.058035141764181,312.066148834895,0.0425733913637118,0.07198347477896,178.050442404855,0.08829902063232,0.060836477417715,332.093442463871,0.0596878210397684,0.0187367078056455,1987.5549307297,0.0112035528796688,0.0686442591243462,237.071300911765,0.110300591352168,0.0247552192639884,1406.3380043367,0.0209191006361308,0.0511645514225784,540.460504986371,0.061389075576121,0.0315361366145486,814.473948709662,0.0457231048786472,0.0678506289931437,225.139612924019,0.197486016387359,0.0696417044127959,79.0617203624201,0.796756549941319,0.00223169123753503,7441.86046510662,0.0104513888889025,0.0524425131274761,92.1280041398044,1.04659397471337,0.0340914870728615,4.64972688844533,39.338690433886,NA,NA,NA
"40",201,20,0.0582120107625475,10.9908465392822,0.184553846132064,0.0352092935028363,48.4913510330396,0.0699978460312251,0.0685882685190142,41.8266606576281,0.119927427010328,0.0693121797850413,287.338374730733,0.0236575826777882,0.0775692527912568,79.7869794224752,0.113027696242814,0.0317589698567134,582.065290717673,0.0199693545081918,0.0678358825583393,406.360619377771,0.0332760729396114,0.0662438680238327,156.947830552131,0.104483271476296,0.0136697631823801,1620.70667371219,0.0119592400066628,0.0806890334746951,237.476110880971,0.0921319435800569,0.054486187013975,653.276327401039,0.0413446001976254,0.0793542713570023,287.386380385395,0.105761485733408,0.0282318371568063,6509.86469889448,0.00533833794661982,0.0297095344167752,525.481214638339,0.0731695253308483,0.073405014569948,149.168853193869,0.312269450254529,0.06732522614817,111.992555922691,0.563179227154677,0.000679737405434078,59001.2113458788,0.00128581399606523,0.00803008555260042,842.698584117257,0.0949137989143744,0.0409340168305861,111.47921872861,0.871275487221622,0.0487555670920458,5.36358924144771,34.5598210678763
"41",501,20,0.0244964218354392,13.0477037487726,11133.6204910268,0.0550753275712723,19.4365878853872,13290.2775210371,0.0613130862313684,49.7169635993261,8467.8587736762,0.0976689368742844,101.58637864079,6028.97977481699,0.0174548188035454,749.023710729105,935.7781201849,0.0623706438906375,153.209641755574,5580.38440567706,0.0165478602210082,913.576131208489,1116.77552051393,0.0686189836927988,292.673677225737,3940.02338374306,0.0604147463028881,196.247806377628,6983.22933748857,0.0215993581520451,713.907034012518,2312.82690541114,0.0305401760867471,1769.75881551733,1004.03511733919,0.0864867815196726,83.6143512344669,25449.337482329,0.0471020747830955,1323.09367464908,1898.55400878266,0.0674541864555318,305.961866097337,9651.44124213678,0.0844888095478624,138.289776966299,27531.8924344053,0.0560601013207908,229.108348420092,21464.5825977325,0.00844977816264988,3770.27939135983,1485.85107433909,0.10787147361723,27.8962990874137,282267.707467928,0.00654307562919459,203.30706878333,64376.3154833954,0.0194433593019375,8.82013343469878,2321619.39598164
"42",211,19,0.00544650575297313,22.2222222222221,0.0473684210526318,0.0348837877819978,260.015625000001,0.00763267740011924,0.0379653926868679,29.4894231801438,0.0890537828631711,0.0203601194742355,90.8354047335999,0.0417931345980126,0.081593429688521,43.8965195900709,0.114915637932834,0.113661267670031,178.647331493644,0.0399289499315231,0.048283583660467,227.183593499647,0.0405748873673091,0.045822061316646,248.557285677713,0.0457354238320636,0.0494311233508853,664.809124509341,0.0204162610985282,0.0458540540443621,336.117369616265,0.0447669245580753,0.0704087311183221,187.183818929264,0.103742243431719,0.0668038223128393,149.84814189334,0.160595730099487,0.0289917762463407,5328.66721120291,0.0052195130870887,0.0643753696237193,178.320350047567,0.1757630229022,0.0291504351018012,889.512594158312,0.0407134607112447,0.069503460300288,153.915142919375,0.286781859697246,0.0948528156098429,51.8042766270426,1.24338264895424,0.0251086037684501,810.877393210239,0.111110957957387,0.0675036604914099,4.77255950747897,36.0754849298909,NA,NA,NA
"43",410,17,0.0436012507764331,30.9726522187821,0.0603832372643716,0.0258225803522161,43.1209232809154,0.0641747952551141,0.102470313131023,24.9257973827294,0.196220805452555,0.106516390500961,108.92036360171,0.0694172719450588,0.0813904523658588,108.081836235721,0.0991824532861008,0.0542319633663231,513.469335318193,0.026364072644677,0.0561468370420621,252.173395260219,0.0605844155844139,0.0390157694474391,564.573371288503,0.0318644808863665,0.0184357044242203,1369.85117507569,0.0145166968846929,0.067485636562131,400.028470098983,0.0551788650985709,0.0988805184429764,165.84198240933,0.170965451956006,0.0489369973375578,432.960181865243,0.0828598136795082,0.074343595828407,168.168058170819,0.268835841604076,0.0040083994615427,12075.021887828,0.0042716163656072,0.062439369148719,143.803253536214,0.419602308361262,0.077643771114931,32.0615076303376,2.94812218189723,0.0386304506971987,7.91878909230855,23.9023474130561,NA,NA,NA,NA,NA,NA,NA,NA,NA
"44",302,20,0.0548342224805068,13.961567762974,0.14548207275803,0.0693527791062256,31.1261423473055,0.126693252836184,0.0561240544339455,135.171774236854,0.041598826007118,0.0677690458876016,224.218588296107,0.0312472886256441,0.0546255427565043,299.868933714595,0.0279241468553209,0.0744552363736925,99.5746093765318,0.10929004622103,0.0763983344721026,883.251017047008,0.015499592854609,0.0292633350637843,906.762216418399,0.0165610311295811,0.0459736151382725,342.378019194392,0.0502164772682335,0.0561218145672666,599.797437422381,0.033811147928047,0.0249692536589966,1172.70227831233,0.0189015656410327,0.0428240334110115,439.556104080216,0.0585119806251636,0.0640244536835971,522.298300318164,0.0556880700090496,0.0516088257963605,853.718419531771,0.0401436184174388,0.0553285095683249,311.4869540138,0.128785148463213,0.0499596989119788,216.815084740931,0.228743658758043,0.0437604270159709,179.08671119105,0.348364379044694,0.0136343958767678,491.767811652229,0.156769843243864,0.0221446869227854,343.159696242877,0.26499933558312,0.0468277348743043,7.62127039236959,20.4352817209598
"45",104,18,0.100409075812818,9.4181935593987,0.279758320005376,0.083427674951161,43.4548774989663,0.113790441472705,0.0844738801053622,263.150640725153,0.0257411093347452,0.0803683160364488,112.532069894135,0.0783034949488913,0.0570872496909822,152.942157359977,0.0765684733769176,0.0505785668696901,1079.73241796741,0.0127462912695772,0.0890131239777692,101.834632525027,0.159686945613321,0.0652085146713995,462.706041501436,0.0454135806611743,0.0309704320386259,360.361266985502,0.0691923104242523,0.0797631323921109,376.751080757886,0.0771745622838964,0.0556355995369863,549.127288837755,0.0633642947875381,0.0385150827770781,777.04874600082,0.0525702206848517,0.0490988999850988,190.617223165502,0.257766720762961,0.0153719295483084,5189.16545245366,0.0108891115059455,0.0567063472566726,97.2343597814208,0.709853775707621,0.0246611760074197,252.943624956286,0.363850314235623,0.0268395607559226,47.0566003062133,2.74495021998569,0.011871437586146,11.119570523526,20.8438603167633,NA,NA,NA,NA,NA,NA
"46",108,20,0.0790318613856732,11.5422126823589,0.19072936095568,0.00219628261261905,94.2844700825705,0.0403477546549833,0.041330836923619,80.1742923927894,0.0554780907185992,0.0573531758143684,159.460409672189,0.0358152291396449,0.0711136406132897,611.198263437977,0.0113101921220922,0.0657887979541508,166.861846972053,0.0500450516857587,0.0644613076673566,157.513566148122,0.0701526876079288,0.0794107179237348,415.60916642616,0.0334358948030685,0.0300358732894314,1060.6953066902,0.0147422347700991,0.0875217269348076,168.671925851202,0.115357171868863,0.0641490592960482,170.579139397777,0.141258776483477,0.0302404637445295,4504.67365752329,0.00616489349610332,0.0596223075007764,241.176816712474,0.127042338000483,0.0102050399076029,2998800.4988654,1.13424980760668e-05,0.0572549284522551,202.195359987624,0.189688658874339,0.0632690940957025,188.827568252233,0.255039058216778,0.0703166500511369,54.818708602928,1.25835323324114,0.0191397526649401,387.021871117588,0.242188232376832,0.0446547451922459,10.4725226091469,15.2766948688822,0.00290373797571179,54.5190382781298,7.00685405519499
"47",408,9,0.0549867845693379,29.5969719647378,0.0629782776581118,0.0843551514309497,25.0263003876956,0.13156865843805,0.0378261721777386,301.543244344255,0.0162829433793204,0.16760704233214,50.1642819704777,0.13319204344464,0.0287013586331318,963166.815095314,9.34196860672514e-06,0.180781328271294,35.2597671771442,0.364404506940106,0.233018338242495,23.1677710504709,1.09655197879062,0.174328476652837,9.52707066433307,6.28212108575894,0.0383953476900751,5.25199840477055,32.397082438716,NA,NA,NA,NA,NA,NA,NA,NA,NA,NA,NA,NA,NA,NA,NA,NA,NA,NA,NA,NA,NA,NA,NA,NA,NA,NA,NA,NA,NA,NA,NA,NA,NA
"48",208,19,0.0331971211389852,28.1666666666666,0.065934065934066,0.0380720440444913,28.9835849914395,0.0902367535333219,0.0422274119010302,69.9382667859199,0.0532775513660535,0.0822145479908434,87.5466857768617,0.061855752258229,0.0360530547852675,430.292445071053,0.0159636723761519,0.057986311386906,236.207985287388,0.0311639630907182,0.0899961098562369,84.0402348436973,0.118534023131922,0.0384415913464441,337.538076103637,0.0377289958650043,0.0640279352957352,887.43592812831,0.016202004319417,0.0893011000815838,97.0486971491453,0.189240359144708,0.0241949954108215,1350.40740981443,0.0160400617785016,0.0248873531048731,973.158604790562,0.0244445017244667,0.0634313298644955,426.801542261732,0.0652761762058272,0.0444832922995336,486.392497604772,0.0677640461693642,0.0413389147066419,265.292812894865,0.143947812959063,0.0753203381887723,81.4666302346771,0.620699085049768,0.00999235064830748,8299.55136218588,0.0075037523186525,0.0629278549214967,60.0692415966293,1.31157882020135,0.0819063430275343,5.07966038303922,31.8730218174002,NA,NA,NA
"49",101,17,0.0440944472513107,22.5515151515151,0.0807438218742354,0.077402937977476,18.6805121479838,0.164262474880561,0.0429704860363724,84.4999999999989,0.0512820512820519,0.0690767425635391,121.890254341919,0.0451926060955941,0.0892534232466229,246.008938999533,0.028774626197862,0.0491446791381979,237.51860121005,0.0361560949512524,0.0880980130990362,94.997275724042,0.121156675835226,0.0924284930511571,189.921788328407,0.0795351223671988,0.0870139527576986,146.725858841152,0.13859368715499,0.0222318373684727,885.393846536041,0.0283833402286761,0.0920666735644145,146.426883381203,0.209636563058673,0.0251842306836605,1359.65266408644,0.0264642167868068,0.0972537972728833,60.7918897347383,0.771800697570262,0.0624112886700894,53.3690721232792,1.37701883258428,0.0105518320656971,43458.5442748288,0.0020997526379481,0.0249819675903712,109.009456452538,0.958172192863374,0.0258351976630004,5.43351697248784,33.2017048884687,NA,NA,NA,NA,NA,NA,NA,NA,NA
"50",316,20,0.0426250246139302,14.7867257389955,0.125526328231475,0.0771999550942895,23.8169669001049,0.160885485436379,0.0755911408665299,76.0337341484081,0.0820557907596825,0.080890338789689,102.731402728539,0.0766792825782439,0.03510201456952,317.497356618966,0.0326472889044165,0.0812471655893394,215.927766110937,0.0605224924307516,0.0502478839734174,423.019897736047,0.0357947895444117,0.0111676298995761,2561.2443135402,0.00658556138094608,0.0470300226183705,364.248805190941,0.0524990596047002,0.0436866764463255,1569.37769500955,0.0136449123956046,0.0535221912598347,362.623973489406,0.0688384720198151,0.0316396711633617,9328.77116038539,0.00299076074108211,0.0400915879910759,873.103879040844,0.0339369983036032,0.0235674001885501,2116.71643494422,0.0153898104829203,0.0464296599545536,1716.01934105856,0.0205649415213495,0.00971427725968281,6546.52670097514,0.00570415321131822,0.039573603995475,807.083062123566,0.0507503473743336,0.0763463410627616,106.511566592649,0.483591095283452,0.0682492379433326,55.9716609759938,1.32585157984516,0.0660781767203843,4.13442123549065,38.2807891475632
"51",503,16,0.053840971679954,20.3441780821917,0.119062181447503,0.0978725511831788,22.7937271533107,0.205671534181386,0.0634266228959074,605.86748963693,0.0114005076816981,0.0714458911138963,92.8939938046416,0.085228733512874,0.0913757755093403,90.8658425026899,0.129192413406941,0.102130219579285,92.8921914910468,0.17061538709451,0.0141758128910974,2303.99999999964,0.00833333333333464,0.0629715288593149,443.320809372,0.0480562045042951,0.0183433468059332,2436.39095720841,0.0096954040983884,0.060132720611189,356.379481427866,0.0735779359732139,0.0628975103267116,198.354868094593,0.156364324697133,0.0518626382676817,269.917412839499,0.13862982850022,0.0778491641450183,181.297120013267,0.261375020508163,0.0725499251774847,72.5033586942283,0.89501418362154,0.059717288687463,73.3527210091918,1.30761976691633,0.039408032266545,8.90092663816986,20.0402097481264,NA,NA,NA,NA,NA,NA,NA,NA,NA,NA,NA,NA
"52",202,20,0.0323639713925874,9.59766584766584,0.16079012345679,0.0757513165218065,14.6432002062985,0.225628381916565,0.103451037860517,64.5947389259185,0.0957205985596206,0.097956843965379,51.3735077219618,0.173650151576694,0.0352452364368726,438.411631322661,0.0273737728078761,0.09368870833254,415.914439292248,0.0337643605984917,0.0197464887082901,1912.64916350047,0.00845373289874064,0.0508107804332688,292.938314797906,0.0637468148450248,0.0525184696120863,632.928868995151,0.0338618364373391,0.0299614699046284,546.812401658413,0.0452582598761859,0.0134792048945499,5079412.89777885,5.31482922623147e-06,0.0599283600642293,22269.923031721,0.00125547580715349,0.0101652493479357,4066.48879001801,0.00695557865009396,0.0990595571859793,160.253198089874,0.207573499793503,0.00894630577425052,3131.57141103093,0.0128242153747783,0.0262811060574768,1070.05488135802,0.0399189583026485,0.0687565069072013,110.007705516067,0.495152096132538,0.0565447110966512,66.4145153074765,1.16045123183398,0.0638660728407392,4.66074055481395,33.023050455925,0.0014786026630106,183.237488772254,3.0142273185752
"53",303,16,0.0266814884846871,9.48502700049093,0.16193012440876,0.105749313209697,11.3875454644584,0.299314762975515,0.105690744241323,73.6958706242902,0.085841836042833,0.0933834721935019,63.8407014300911,0.137170165390645,0.0549646526933133,263.335746658509,0.0462434024530583,0.0453792478729987,4013.64371060212,0.00347436591925597,0.10997577669251,64.7334909653864,0.266521436251759,0.0595373008377716,450.051051967613,0.0488729512642813,0.0595857603914408,398.911737906543,0.0669267516826267,0.0583541061597492,453.319701108245,0.0655363942656352,0.0369447483462559,1452.05917033773,0.0235022471096794,0.109057374325037,66.2773242806166,0.652719044573093,0.038294334696373,399.443174732893,0.148288918350247,0.0667326287750754,26.727423241631,3.32437476381067,0.00484189829721358,2206.66001098977,0.0604764852773168,0.0248271527830521,6.25311062539911,33.5468439635022,NA,NA,NA,NA,NA,NA,NA,NA,NA,NA,NA,NA
"54",405,20,0.0904508013188991,17.0292309748896,0.138293311019434,0.0574207067465496,66.0571023828368,0.0653685281338875,0.0302368030872959,122.458115304253,0.0449045913394084,0.0887754000272718,163.165138943606,0.041875755418528,0.0590212773930983,369.020324979305,0.0223472232930599,0.000348911309982348,379.116912340375,0.0252684474244584,0.0245979648651311,307840.333324374,3.25182101986571e-05,0.0420485643867393,488.773203961301,0.0233589676160446,0.0157776781297953,649.912555099044,0.0191424082751752,0.0694878421532152,626.005632965394,0.0219509467413571,0.0413339248375049,461.162656184345,0.0342194508789799,0.0242510327647218,1306.92148886272,0.0134729654827473,0.0175553725086089,1298.4523363974,0.0146948447938376,0.0239707663490177,1769.73212087472,0.0115288888251123,0.0964920762637926,96.8767380127966,0.250701658288573,0.0708912064090803,262.420808555508,0.116070228018667,0.097156795494532,81.629571419729,0.49781115353608,0.0648196379739633,90.2284266670287,0.664784988758121,0.0755334970125419,13.9334017437253,7.52995756386793,0.00982974096825873,22.6394927626344,11.1325251349357
"55",203,19,0.084788030667538,7.54087260030799,0.351226027148305,0.0457430494807954,88.6163929203108,0.0593581033571431,0.0940596076719663,159.060737760079,0.0436251635626966,0.0840556360905993,48.3171365314176,0.204444480077062,0.0183794368219399,844.320129859991,0.0150749779550363,0.0274806025716859,743.94040974753,0.0181765725379731,0.0640603362754259,449.145956273171,0.0323614659081644,0.0313616577022246,548.624981581569,0.0310633137411083,0.0863726740267457,345.81653398431,0.059568327767153,0.0166025942147152,2827.29400825407,0.00822841589006247,0.0850765531372083,325.725352561794,0.0827225879495778,0.0626541747147948,232.059279540472,0.14054739567208,0.0373318339179537,431.061305941798,0.0884444961180246,0.0870380797313944,105.910307675689,0.446406913593585,0.050937439766376,229.575213493671,0.27061897289515,0.0253021438140014,302.649261193711,0.249821351370448,0.0392786392999155,117.716115499032,0.816298113012489,0.00156913575877293,14183.6660798015,0.00820669642190951,0.0579083743359468,5.02712027589866,37.6618104089239,NA,NA,NA
"56",411,20,0.0502548787659005,52.3495395948438,0.0367428138364097,0.0847554344566437,30.6655445225124,0.107458715879463,0.0901211455669699,44.2248201728627,0.123708621986406,0.0968257475695338,192.329801157258,0.0383317179497795,0.0606754623927176,288.421983135029,0.0329958724686467,0.0677613649651023,127.355548790647,0.100400497496465,0.0444431852136043,11777.716302965,0.00119065086876119,0.0145541679351763,2566.47815026834,0.00588332763191578,0.0859030969563154,134.662526308542,0.135152497775603,0.0588825174968716,523.397890994716,0.0419029722416085,0.0869433883156964,218.734422213542,0.124224329195801,0.0095062217453144,3487.15976975688,0.00898553458340088,0.081372278453858,172.384967475112,0.21115835132655,0.00911455405072504,34491.8834585881,0.00121969113385629,0.0397400052887048,268.680317731705,0.178033361287315,0.0458339051401896,140.441401857629,0.446030212023407,0.0342302232939728,120.406005391659,0.708402481036688,0.0015865542357464,7689.32402821926,0.0131932233996989,0.0354421302916295,13.3105009074107,10.586365370532,0.00205373786532769,24.0011664374143,13.9097902323516
"57",102,14,0.0183246939594295,34.7971014492754,0.054160125588697,0.0639687173481839,17.4622312356566,0.161278810295286,0.10642361459895,24.4301781590871,0.223547056459442,0.0735472045016867,439.772318236425,0.01622732165012,0.0637501917834603,135.081753057973,0.0659085677395225,0.0759741933710398,127.482989295062,0.0947302652896069,0.0580396272535622,515.930550818574,0.0280572437562038,0.0646236807194795,158.15115832596,0.114980193360627,0.0925267279380041,161.241265666501,0.142226328165827,0.120052908114067,151.795715799163,0.198323095361676,0.0892409601066405,110.400042061633,0.360999015430142,0.0187356406126189,782.356997406217,0.0638159170734298,0.119281220280667,27.0188667851801,2.67081078105524,0.0355106194122104,5.12999647807966,30.323865020069,NA,NA,NA,NA,NA,NA,NA,NA,NA,NA,NA,NA,NA,NA,NA,NA,NA,NA
"58",406,14,0.0487159459483426,42.1969043413624,0.0451404322451752,0.0629065767696143,31.2316339630521,0.0850137318068042,0.0316676278561698,95.2395580561411,0.0400203277125724,0.0813815422381907,102.537490365974,0.0457127636677772,0.136225612580459,183.321365159779,0.0362866354613405,0.0364867384802448,2577.58218512835,0.00309314525129963,0.0796227969137858,81.7754691328319,0.119470319683318,0.101656185993578,233.546298590394,0.0573905270841695,0.128884342971074,67.6611991443856,0.272151152189545,0.107333699049075,91.589046214242,0.298753835697204,0.062171159737786,156.148383763521,0.235948031866886,0.0226436251074147,474.842241540503,0.0966738986770474,0.0470734386514637,65.883850009736,0.898971198663508,0.0532307077028014,7.16229562487289,16.0938026561095,NA,NA,NA,NA,NA,NA,NA,NA,NA,NA,NA,NA,NA,NA,NA,NA,NA,NA
"59",105,20,0.0466707269537211,36.125,0.0522875816993464,1.19461365866117e-08,25.2213646677941,0.0991974055467618,0.0806809345190111,51.8334601383537,0.0703610913451407,0.0817725449787928,61.7571636368388,0.0943639761278683,0.0579057152432263,377.846736045424,0.0189671260407688,0.0547585714003408,289.811912225712,0.0290925672594613,0.0493100012890811,247.035931518541,0.0403181591940114,0.0890383759266699,165.998972674867,0.0761556667996252,0.0213297053843374,1092.09845154427,0.013478638285024,0.0159785948941556,1242.38636363666,0.0126436781609165,0.0697614724437665,133.676587878997,0.138090222958643,0.0701641433411468,160.298296699653,0.141214684722228,0.0594136948635982,813.514591820895,0.0338374664745205,0.026904676188512,1712.56173174168,0.0174762556653818,0.0349043482023557,1268.08596717617,0.0259586691487305,0.0790021470543046,130.014568281644,0.295736932847635,0.0203254212935166,1054.72508080353,0.0453892576151935,0.0240546793878195,824.075862238991,0.0660389819021276,0.0911854579281646,14.8435221554468,5.74073275237985,0.0268387767613426,11.7595488154955,16.0005902585553
