CD,type,ratio_over_CD,CD_ratio_over_whole_NYC,ratio_over_whole_NYC
101,0,0.025581342666666663,0.006294426,0.00016101986839597596
101,1,0.07209017699999999,0.006294426,0.00045376628445340195
101,2,0.018780756333333332,0.006294426,0.00011821408096419798
101,3,0.03629664833333333,0.006294426,0.00022846656698218993
101,4,0.045929399333333336,0.006294426,0.000289099205328116
101,5,0.21165201133333333,0.006294426,0.0013322279230888279
101,6,0.046795725,0.006294426,0.00029455222812885
101,7,0.10714457333333333,0.006294426,0.00067441358814824
101,8,0.038752886333333326,0.006294426,0.00024392717531157796
101,9,0.20932296566666664,0.006294426,0.0013175679174893737
101,10,0.02145322266666667,0.006294426,0.000135035722536856
101,11,0.08663116566666668,0.006294426,0.000545293461582574
101,12,0.009823540666666667,0.006294426,6.1833549784324e-05
101,13,0.03758977733333333,0.006294426,0.00023660607178114398
101,14,0.010613550666666666,0.006294426,6.680620926858399e-05
101,15,0.021542257999999998,0.006294426,0.000135596148853908
102,0,0.011994942333333333,0.011995098000000001,0.00014388050879268202
102,1,0.022069881000000003,0.011995098000000001,0.0002647303854433381
102,2,0.016189526666666666,0.011995098000000001,0.00019419495894028
102,3,0.016689608999999998,0.011995098000000001,0.00020019349553668199
102,4,0.10739758933333332,0.011995098000000001,0.0012882446090170879
102,5,0.2821754266666667,0.011995098000000001,0.0033847218960584803
102,6,0.10514702999999999,0.011995098000000001,0.00126124892925894
102,7,0.22292697066666667,0.011995098000000001,0.002674030859989792
102,8,0.019908152,0.011995098000000001,0.000238800234238896
102,9,0.08209313066666667,0.011995098000000001,0.0009847151474734722
102,10,0.013277520666666667,0.011995098000000001,0.00015926516159369203
102,11,0.03426676666666667,0.011995098000000001,0.00041103322430980006
102,12,0.006727555,0.011995098000000001,8.069768152539e-05
102,13,0.032847046,0.011995098000000001,0.000394003535780508
102,14,0.012583786,0.011995098000000001,0.000150943746281028
102,15,0.013705066333333333,0.011995098000000001,0.00016439361376483402
103,0,0.02653011466666667,0.024739707333333333,0.0006563472723731076
103,1,0.04710243733333333,0.024739707333333333,0.0011653005143133404
103,2,0.018392882333333332,0.024739707333333333,0.00045503452594310373
103,3,0.028699423333333335,0.024739707333333333,0.0007100153339021045
103,4,0.02724416,0.024739707333333333,0.0006740125449425067
103,5,0.09750343033333335,0.024739707333333333,0.0024122063304427227
103,6,0.02297324166666666,0.024739707333333333,0.000568351275331272
103,7,0.050744342000000005,0.024739707333333333,0.0012554001699025747
103,8,0.112543761,0.024739707333333333,0.002784299709332614
103,9,0.2991304223333333,0.024739707333333333,0.007400399103023063
103,10,0.060731543666666665,0.024739707333333333,0.0015024806162148869
103,11,0.125396809,0.024739707333333333,0.0031022803551938993
103,12,0.014659210666666667,0.024739707333333333,0.00036266458163101154
103,13,0.04261050633333333,0.024739707333333333,0.0010541714560118132
103,14,0.009140338999999999,0.024739707333333333,0.00022612931178745264
103,15,0.016597375333333334,0.024739707333333333,0.00041061420824815246
104,0,0.029859138666666663,0.011592940666666668,0.0003461552229204391
104,1,0.04140069000000001,0.011592940666666668,0.0004799557427290602
104,2,0.025309577333333333,0.011592940666666668,0.0002934124283237449
104,3,0.02183697633333333,0.011592940666666668,0.0002531547709717375
104,4,0.08083779866666667,0.011592940666666668,0.0009371478035666125
104,5,0.253060976,0.011592940666666668,0.0029337208798167575
104,6,0.08019282133333333,0.011592940666666668,0.0009296706196099343
104,7,0.13516512633333333,0.011592940666666668,0.0015669612897848376
104,8,0.050705255000000005,0.011592940666666668,0.0005878230127032034
104,9,0.09701345633333334,0.011592940666666668,0.001124671243140591
104,10,0.027709733,0.011592940666666668,0.0003212372905581754
104,11,0.03455972733333334,0.011592940666666668,0.00040064886843151163
104,12,0.029183956,0.011592940666666668,0.0003383278703266107
104,13,0.044705605333333336,0.011592940666666668,0.0005182694300967503
104,14,0.025185719666666665,0.011592940666666668,0.00029197655374296646
104,15,0.023273442000000002,0.011592940666666668,0.00026980763221510806
105,0,0.019725995666666666,0.00684168,0.00013495895003272
105,1,0.020213867333333333,0.00684168,0.00013829681185712
105,2,0.012783556333333335,0.00684168,8.746100169464002e-05
105,3,0.017493161000000004,0.00684168,0.00011968260975048003
105,4,0.09970110733333333,0.00684168,0.00068212307202032
105,5,0.28211619166666674,0.00684168,0.0019301487062020005
105,6,0.10405869999999999,0.00684168,0.0007119363266159999
105,7,0.22034067033333335,0.00684168,0.0015075003574061602
105,8,0.024038301666666664,0.00684168,0.00016446236774679998
105,9,0.04512224333333333,0.00684168,0.0003087119497688
105,10,0.015001295000000003,0.00684168,0.00010263405997560003
105,11,0.02585633533333333,0.00684168,0.00017690077232336
105,12,0.017523352333333336,0.00684168,0.00011988916919192001
105,13,0.048531877333333334,0.00684168,0.00033203957451392
105,14,0.017676715,0.00684168,0.0001209384274812
105,15,0.02981663,0.00684168,0.0002039958411384
106,0,0.024589724000000004,0.025309105999999998,0.0006223439312267441
106,1,0.02582404066666667,0.025309105999999998,0.0006535833825809773
106,2,0.013226494333333333,0.025309105999999998,0.0003347507470907326
106,3,0.017635876666666665,0.025309105999999998,0.00044634827195959325
106,4,0.13547006533333333,0.025309105999999998,0.0034286262433482584
106,5,0.35505051299999996,0.025309105999999998,0.008986011068871376
106,6,0.10020865033333333,0.025309105999999998,0.002536191353403268
106,7,0.226397812,0.025309105999999998,0.005729926222076072
106,8,0.012346354999999998,0.025309105999999998,0.0003124752074086299
106,9,0.022669518666666666,0.025309105999999998,0.0005737452509036453
106,10,0.005472471333333333,0.025309105999999998,0.00013850335705729465
106,11,0.010665348666666666,0.025309105999999998,0.0002699304399316253
106,12,0.006561754333333333,0.025309105999999998,0.00016607213596829263
106,13,0.027855227333333333,0.025309105999999998,0.0007049909012334306
106,14,0.005541404,0.025309105999999998,0.000140247981224824
106,15,0.010484743666666666,0.025309105999999998,0.0002653594888424953
107,0,0.030754657666666668,0.035552550333333335,0.0010934065146786026
107,1,0.048450120333333326,0.035552550333333335,0.00172252534180689
107,2,0.019062235333333333,0.035552550333333335,0.0006777110811541785
107,3,0.022625906333333334,0.035552550333333335,0.0008044086737531189
107,4,0.10095971566666666,0.035552550333333335,0.0035893753728781885
107,5,0.2692220163333333,0.035552550333333335,0.009571529286532323
107,6,0.09213494533333334,0.035552550333333335,0.003275632281422249
107,7,0.18232951833333333,0.035552550333333335,0.006482279377798257
107,8,0.03718043133333334,0.035552550333333335,0.0013218591563933775
107,9,0.09090310366666667,0.035552550333333335,0.0032318371685653847
107,10,0.015470469666666667,0.035552550333333335,0.0005500146515044732
107,11,0.023327590666666665,0.035552550333333335,0.0008293553413320636
107,12,0.009442285666666666,0.035552550333333335,0.00033569733642587856
107,13,0.03627334200000001,0.035552550333333335,0.0012896098172132144
107,14,0.007758431333333333,0.035552550333333335,0.0002758320204860438
107,15,0.014105231000000001,0.035552550333333335,0.0005014769350907937
108,0,0.012834942333333335,0.04187743733333333,0.0005374944932411138
108,1,0.020949529666666664,0.04187743733333333,0.0008773126157786407
108,2,0.007427622000000001,0.04187743733333333,0.000311049774840688
108,3,0.011863069666666665,0.04187743733333333,0.0004967949565468008
108,4,0.139091435,0.04187743733333333,0.005824792852815907
108,5,0.344760779,0.04187743733333333,0.014437697917563682
108,6,0.10951685900000001,0.04187743733333333,0.004586285399716002
108,7,0.242189965,0.04187743733333333,0.010142295082049693
108,8,0.008345361,0.04187743733333333,0.000349482332301544
108,9,0.025595965999999998,0.04187743733333333,0.0010718934621511305
108,10,0.004539138000000001,0.04187743733333333,0.000190087467142352
108,11,0.008744780666666667,0.04187743733333333,0.0003662090043620782
108,12,0.007116038333333332,0.04187743733333333,0.0002980014493657644
108,13,0.039272602,0.04187743733333333,0.001644635929171941
108,14,0.0060864249999999995,0.04187743733333333,0.0002548838815215333
108,15,0.01166548633333333,0.04187743733333333,0.000488520672887023
109,0,0.07242817866666666,0.009464946,0.000685528799958352
109,1,0.12964221566666667,0.009464946,0.001227056570605354
109,2,0.037520015,0.009464946,0.00035512491589419
109,3,0.05971454733333333,0.009464946,0.000565194965924444
109,4,0.026097957,0.009464946,0.00024701575371532204
109,5,0.09465686066666666,0.009464946,0.000895922074739524
109,6,0.014892142000000002,0.009464946,0.00014095331985433202
109,7,0.06188448733333333,0.009464946,0.000585733330847684
109,8,0.12288026666666667,0.009464946,0.0011630550884656
109,9,0.24284008899999998,0.009464946,0.002298468329020194
109,10,0.04709820866666667,0.009464946,0.000445782001726732
109,11,0.059523623,0.009464946,0.000563387877419358
109,12,0.006399452999999999,0.009464946,6.0570477074537994e-05
109,13,0.018289383333333336,0.009464946,0.00017310802562330003
109,14,0.0017603606666666664,0.009464946,1.6661718650523996e-05
109,15,0.0043722123333333335,0.009464946,4.1382753635534e-05
110,0,0.14580589000000002,0.009031243000000001,0.0013168084234212703
110,1,0.19674699399999998,0.009031243000000001,0.001776869912333542
110,2,0.05551483399999999,0.009031243000000001,0.000501367955958662
110,3,0.073033855,0.009031243000000001,0.0006595864917317651
110,4,0.0034045366666666664,0.009031243000000001,3.074719793907667e-05
110,5,0.005294897333333333,0.009031243000000001,4.781950447738534e-05
110,6,0.003253434,0.009031243000000001,2.9382553038462005e-05
110,7,0.001575825,0.009031243000000001,1.4231658500475004e-05
110,8,0.11860973133333334,0.009031243000000001,0.0010711933058360475
110,9,0.25057188933333335,0.009031243000000001,0.0022629756215384418
110,10,0.06018065933333333,0.009031243000000001,0.0005435061583395513
110,11,0.07558109266666667,0.009031243000000001,0.0006825912140781848
110,12,0.0018533716666666667,0.009031243000000001,1.6738249890981668e-05
110,13,0.004702815333333333,0.009031243000000001,4.247226805945934e-05
110,14,0.002584227,0.009031243000000001,2.3338782004161004e-05
110,15,0.0012859483333333335,0.009031243000000001,1.1613711883778336e-05
111,0,0.08389457933333333,0.012446216000000001,0.0010441700556118028
111,1,0.11837487499999999,0.012446216000000001,0.001473319263223
111,2,0.03791688366666667,0.012446216000000001,0.00047192172416220544
111,3,0.040161702333333334,0.012446216000000001,0.0004998612221683707
111,4,0.013423443666666668,0.012446216000000001,0.00016707107933916536
111,5,0.030848110666666668,0.012446216000000001,0.00038394224854923736
111,6,0.008766813333333333,0.012446216000000001,0.00010911365237834668
111,7,0.018777973666666666,0.012446216000000001,0.00023371471629764535
111,8,0.1424126383333333,0.012446216000000001,0.0017724984578265466
111,9,0.3039607153333333,0.012446216000000001,0.0037831607185531786
111,10,0.05671949266666667,0.012446216000000001,0.0007059430571397494
111,11,0.09433512733333334,0.012446216000000001,0.0011741153711781708
111,12,0.007951522333333334,0.012446216000000001,9.896636448949069e-05
111,13,0.026309202,0.012446216000000001,0.000327450010879632
111,14,0.006093929333333334,0.012446216000000001,7.584636077140268e-05
111,15,0.010052991333333332,0.012446216000000001,0.00012512170158079466
112,0,0.03527196966666667,0.023328118,0.0008228286704764206
112,1,0.06667043866666666,0.023328118,0.0015552958603277625
112,2,0.02484241133333334,0.023328118,0.0005795267029885374
112,3,0.03160907466666667,0.023328118,0.0007373802236948107
112,4,0.020557269333333336,0.023328118,0.0004795624047657814
112,5,0.08452395233333333,0.023328118,0.001971784733858375
112,6,0.014047726000000002,0.023328118,0.000327707009759668
112,7,0.042250483,0.023328118,0.0009856242529809938
112,8,0.14380991499999998,0.023328118,0.0033548146666899695
112,9,0.29057514,0.023328118,0.00677857115378652
112,10,0.06639130566666666,0.023328118,0.0015487842127660685
112,11,0.09675545633333334,0.023328118,0.0022571227024878473
112,12,0.012738007666666667,0.023328118,0.00029715374593290467
112,13,0.04565458333333333,0.023328118,0.0010650355072408333
112,14,0.008824915333333334,0.023328118,0.00020586866623600934
112,15,0.015477351,0.023328118,0.00036105747045541797
201,0,0.06274426066666668,0.004818347333333333,0.0003023236410652049
201,1,0.07909926233333335,0.004818347333333333,0.0003811277197324505
201,2,0.035960002000000005,0.004818347333333333,0.00017326777974336133
201,3,0.03996944633333333,0.004818347333333333,0.0001925866751550264
201,4,0.002689366,0.004818347333333333,1.2958299494457331e-05
201,5,0.006930357333333334,0.004818347333333333,3.3392868776113775e-05
201,6,0.004277458666666667,0.004818347333333333,2.0610281559976886e-05
201,7,0.004015815666666666,0.004818347333333333,1.9349594708641552e-05
201,8,0.21524858733333332,0.004818347333333333,0.0010371424567813337
201,9,0.35581311266666665,0.004818347333333333,0.001714431162582466
201,10,0.083949216,0.004818347333333333,0.0004044964810490239
201,11,0.092996444,0.004818347333333333,0.0004480891679568826
201,12,0.003194418666666667,0.004818347333333333,1.5391818664083554e-05
201,13,0.01044112,0.004818347333333333,5.030894270901333e-05
201,14,0.0021478463333333333,0.004818347333333333,1.0349069652626444e-05
201,15,0.000784929,0.00481894,3.78252575526e-06
202,0,0.05264364933333334,0.0023231873333333336,0.00012230105931164181
202,1,0.07096989366666666,0.0023231873333333336,0.00016487635801441355
202,2,0.044398829333333334,0.0023231873333333336,0.00010314679792202846
202,3,0.029988400666666665,0.0023231873333333336,6.966867257572489e-05
202,4,0.006080317333333332,0.0023231873333333336,1.412571621144711e-05
202,5,0.004456941,0.0023231873333333336,1.0354308876614001e-05
202,6,0.003332044333333333,0.0023231873333333336,7.740963189305111e-06
202,8,0.22005898333333332,0.0023231873333333336,0.0005112382426662111
202,9,0.36853208099999996,0.0023231873333333336,0.000856169062506174
202,10,0.08387161566666666,0.0023231873333333336,0.00019484947514300158
202,11,0.10121416800000001,0.0023231873333333336,0.00023513947305147203
202,12,0.003332044333333333,0.0023231873333333336,7.740963189305111e-06
202,13,0.006122963333333333,0.0023231873333333336,1.4224790858464444e-05
202,14,0.0016660223333333335,0.0023231873333333336,3.870481981850445e-06
202,15,0.003332044333333333,0.0023231873333333336,7.740963189305111e-06
203,0,0.09027962933333333,0.0035803796666666666,0.0003232353491792702
203,1,0.07964356,0.0035803796666666666,0.00028515418280494666
203,2,0.06937091333333334,0.0035803796666666666,0.00024837420755676224
203,3,0.041838856,0.0035803796666666666,0.00014979898929899467
203,4,0.0017869613333333333,0.0035803796666666666,6.3980000229862215e-06
203,5,0.0014552783333333333,0.0035803796666666666,5.210448954007222e-06
203,6,0.0010807466666666666,0.0035803796666666666,3.869483390151111e-06
203,7,0.0010807466666666666,0.0035803796666666666,3.869483390151111e-06
203,8,0.222322732,0.0035803796666666666,0.0007959997890905826
203,9,0.29896051566666665,0.0035803796666666666,0.0010703921514291148
203,10,0.09308306333333334,0.0035803796666666666,0.00033327270726971227
203,11,0.08542182433333334,0.0035803796666666666,0.00030584256293263856
203,12,0.004654669,0.0035803796666666666,1.6665482242663666e-05
203,13,0.003991303333333334,0.0035803796666666666,1.4290381298165558e-05
203,14,0.002161493,0.0035803796666666666,7.738965586842333e-06
203,15,0.002867707666666667,0.0035803796666666666,1.0267482219677445e-05
204,0,0.08773593366666665,0.007302721666666667,0.0006407111037327961
204,1,0.10871230266666666,0.007302721666666667,0.0007938956881170912
204,2,0.054978245333333335,0.007302721666666667,0.0004014908233910489
204,3,0.040867303,0.007302721666666667,0.0002984425390763317
204,4,0.0036849096666666664,0.007302721666666667,2.690986966247611e-05
204,5,0.010204409999999999,0.007302721666666667,7.451996600255e-05
204,6,0.0061744343333333335,0.007302721666666667,4.509017538544389e-05
204,7,0.006889254,0.007302721666666667,5.031030445297e-05
204,8,0.15725630999999998,0.007302721666666667,0.00114839906225705
204,9,0.308636457,0.007302721666666667,0.002253886141657135
204,10,0.09202456466666666,0.007302721666666667,0.0006720297822568344
204,11,0.09138438466666667,0.007302721666666667,0.0006673547259002678
204,12,0.007936794666666667,0.007302721666666667,5.7960202376151116e-05
204,13,0.011855959000000001,0.007302721666666667,8.658076866841168e-05
204,14,0.005274737333333332,0.007302721666666667,3.851993861010888e-05
204,15,0.006384,0.007302721666666667,4.662057512e-05
205,0,0.07710417233333335,0.0043067466666666665,0.00033206813718267557
205,1,0.06685983566666666,0.0043067466666666665,0.00028794837439129775
205,2,0.05739669533333334,0.0043067466666666665,0.0002471930263045156
205,3,0.03361989066666667,0.0043067466666666665,0.00014479235206236446
205,4,0.0038882316666666666,0.0043067466666666665,1.6745628769644444e-05
205,5,0.007790667666666667,0.0043067466666666665,3.3552432004524445e-05
205,6,0.005081333333333333,0.0043067466666666665,2.188401539555555e-05
205,7,0.0053902613333333335,0.0043067466666666665,2.3214490029795555e-05
205,8,0.21719060133333334,0.0043067466666666665,0.0009353848983236622
205,9,0.3191936623333333,0.0043067466666666665,0.0013746862412752088
205,10,0.08935831733333333,0.0043067466666666665,0.00038484363531427553
205,11,0.08750830033333334,0.0043067466666666665,0.00037687608076624894
205,12,0.014022491666666666,0.0043067466666666665,6.0391319243777774e-05
205,13,0.009306900333333333,0.0043067466666666665,4.0082461987582216e-05
205,14,0.0023862026666666663,0.0043067466666666665,1.0276770380657776e-05
205,15,0.0039024353333333337,0.0043067466666666665,1.6806800363715558e-05
206,0,0.04750434033333334,0.003794435,0.0001802521316127117
206,1,0.04587797966666666,0.003794435,0.00017408101177648832
206,2,0.031568138333333336,0.003794435,0.00011978324897684168
206,3,0.029555947666666665,0.003794435,0.00011214812228456833
206,4,0.014226636,0.003794435,5.3982045570660004e-05
206,5,0.04921357833333334,0.003794435,0.0001867377241032417
206,6,0.015219028,0.003794435,5.774761250918e-05
206,7,0.029473398666666664,0.003794435,0.00011183489546975332
206,8,0.18938257233333333,0.003794435,0.0007185998608516317
206,9,0.295067958,0.003794435,0.0011196161872137301
206,10,0.07441265166666666,0.003794435,0.0002823539699268083
206,11,0.08610653033333333,0.003794435,0.0003267256324253617
206,12,0.017948064,0.003794435,6.810276222384e-05
206,13,0.052082932,0.003794435,0.00019762530008342
206,14,0.008050403666666666,0.003794435,3.054673343692833e-05
206,15,0.014309841333333332,0.003794435,5.429776279964666e-05
207,0,0.042787567000000006,0.008455976666666665,0.00036181066817543665
207,1,0.04992199133333333,0.008455976666666665,0.0004221391938682021
207,2,0.026754307,0.008455976666666665,0.00022623379572483664
207,3,0.024725050999999998,0.008455976666666665,0.00020907445433814326
207,4,0.027374147666666664,0.008455976666666665,0.00023147515393922105
207,5,0.11387753366666666,0.008455976666666665,0.0009629457675428808
207,6,0.018808525333333336,0.008455976666666665,0.00015904445135307555
207,7,0.05499437733333334,0.008455976666666665,0.0004650311715285288
207,8,0.131996125,0.008455976666666665,0.0011161561530904163
207,9,0.24504526300000004,0.008455976666666665,0.0020720970262051966
207,10,0.054650165,0.008455976666666665,0.00046212052006948325
207,11,0.08047945566666666,0.008455976666666665,0.0006805323992633676
207,12,0.019886236999999998,0.008455976666666665,0.0001681575560598033
207,13,0.07409104033333333,0.008455976666666665,0.0006265121082677254
207,14,0.010742829666666667,0.008455976666666665,9.084111699530776e-05
207,15,0.023865382666666667,0.008455976666666665,0.0002018051189704044
208,0,0.023156609666666664,0.021285513000000002,0.000492900316095759
208,1,0.03138946,0.021285513000000002,0.0006681407588929802
208,2,0.011707558333333333,0.021285513000000002,0.00024920138510242505
208,3,0.014441718333333334,0.021285513000000002,0.00030739938332650506
208,4,0.08148416066666668,0.021285513000000002,0.0017344321611644225
208,5,0.286426509,0.021285513000000002,0.006096735180864118
208,6,0.04532244733333333,0.021285513000000002,0.000964711541905482
208,7,0.149330551,0.021285513000000002,0.0031785773846076636
208,8,0.029999474666666665,0.021285513000000002,0.0006385542080105041
208,9,0.08699706466666668,0.021285513000000002,0.0018517771509241744
208,10,0.017095094666666668,0.021285513000000002,0.0003638778597635641
208,11,0.026946885000000004,0.021285513000000002,0.0005735782709770051
208,12,0.015099438666666668,0.021285513000000002,0.00032139929803203605
208,13,0.13607982566666665,0.021285513000000002,0.002896528898265567
208,14,0.010439974999999999,0.021285513000000002,0.00022222022358217501
208,15,0.03408322833333333,0.021285513000000002,0.0007254789997711351
209,0,0.11903295233333333,0.011799693,0.001404552294416967
209,1,0.14312129333333334,0.011799693,0.0016887873230962802
209,2,0.071173989,0.011799693,0.0008398312197853769
209,3,0.07071098333333332,0.011799693,0.0008343678950614499
209,4,0.019861169666666668,0.011799693,0.00023435570468757902
209,5,0.038983319333333336,0.011799693,0.00045999120025429804
209,6,0.009891154,0.011799693,0.000116712580615722
209,7,0.019572611666666666,0.011799693,0.000230950808874885
209,8,0.11730626266666666,0.011799693,0.0013841778864440279
209,9,0.243873158,0.011799693,0.002877628395340494
209,10,0.051221891,0.011799693,0.000604402588679463
209,11,0.061539371666666655,0.011799693,0.0007261456930795649
209,12,0.005346631,0.011799693,6.308860438428301e-05
209,13,0.017794423666666667,0.011799693,0.000209968736378601
209,14,0.0046827679999999995,0.011799693,5.525522479022399e-05
209,15,0.0058880216666666665,0.011799693,6.9476848044015e-05
210,0,0.074234543,0.017938274666666667,0.0013316396220884774
210,1,0.087011787,0.017938274666666667,0.001560841334443496
210,2,0.03806180533333333,0.017938274666666667,0.0006827631183785316
210,3,0.036293975666666665,0.017938274666666667,0.000651051304253983
210,4,0.08574816466666667,0.017938274666666667,0.0015381741299532285
210,5,0.21473567100000002,0.017938274666666667,0.0038519874471289683
210,6,0.07189979166666667,0.017938274666666667,0.0012897582113927779
210,7,0.13169178,0.017938274666666667,0.0023623233209822403
210,8,0.03294861833333333,0.017938274666666667,0.0005910413655505022
210,9,0.07870083566666668,0.017938274666666667,0.0014117572066848633
210,10,0.012471515,0.017938274666666667,0.00022371746157945336
210,11,0.018495155333333332,0.017938274666666667,0.0003317711763719982
210,12,0.01849151933333333,0.017938274666666667,0.0003317059528053102
210,13,0.06882526533333333,0.017938274666666667,0.0012346065135555447
210,14,0.008388017999999999,0.017938274666666667,0.00015046657079294398
210,15,0.02200155333333333,0.017938274666666667,0.0003946699067866488
211,0,0.027977491666666663,0.015062667333333333,0.0004214156497961055
211,1,0.03744600733333333,0.015062667333333333,0.0005640367514235604
211,2,0.02120991866666667,0.015062667333333333,0.00031947794904305695
211,3,0.020577142333333333,0.015062667333333333,0.00030994664963765044
211,4,0.05761995666666667,0.015062667333333333,0.0008679102390310823
211,5,0.18169226833333332,0.015062667333333333,0.0027367701949437342
211,6,0.05465213533333333,0.015062667333333333,0.0008232069335823124
211,7,0.11948992433333333,0.015062667333333333,0.0017998369799181718
211,8,0.05059039166666667,0.015062667333333333,0.000762026239938039
211,9,0.13431060033333334,0.015062667333333333,0.0020230758921612893
211,10,0.03630124566666667,0.015062667333333333,0.0005467935872626083
211,11,0.053443421,0.015062667333333333,0.0008050004716782806
211,12,0.031036787333333333,0.015062667333333333,0.00046749680269741377
211,13,0.111026515,0.015062667333333333,0.0016723554606243435
211,14,0.01611109233333333,0.015062667333333333,0.00024267602419361707
211,15,0.046515103,0.015062667333333333,0.0007006415224647353
212,0,0.100678608,0.012299683666666667,0.0012383150304003361
212,1,0.14721535966666668,0.012299683666666667,0.001810702354774559
212,2,0.057356433333333325,0.012299683666666667,0.0007054659862482554
212,3,0.06547967066666667,0.012299683666666667,0.0008053792357975125
212,4,0.03530877633333333,0.012299683666666667,0.00043428677955708656
212,5,0.10590907166666667,0.012299683666666667,0.0013026480789303295
212,6,0.027466329333333334,0.012299683666666667,0.00033782716228448757
212,7,0.05605988233333333,0.012299683666666667,0.0006895188190905552
212,8,0.06384629333333335,0.012299683666666667,0.000785289211289209
212,9,0.17106795499999997,0.012299683666666667,0.002104081732003568
212,10,0.044895658666666664,0.012299683666666667,0.0005522023996066417
212,11,0.05381315066666667,0.012299683666666667,0.0006618847303066725
212,12,0.008259267666666667,0.012299683666666667,0.00010158637961832812
212,13,0.03690499966666667,0.012299683666666667,0.0004539198216184388
212,14,0.009518055333333332,0.012299683666666667,0.00011706906972182955
212,15,0.016220487333333335,0.012299683666666667,0.00019950686311917358
301,0,0.026040128333333332,0.016532515333333334,0.0004305088209528011
301,1,0.031616258333333334,0.016532515333333334,0.0005226962756784612
301,2,0.018439280333333332,0.016532515333333334,0.0003048476848464651
301,3,0.018024005333333332,0.016532515333333334,0.0002979821445414151
301,4,0.05008670566666667,0.016532515333333334,0.0008280592294303202
301,5,0.17061266900000002,0.016532515333333334,0.002820656566303425
301,6,0.037506987666666665,0.016532515333333334,0.0006200848487063109
301,7,0.081319434,0.016532515333333334,0.001344414789502988
301,8,0.103263877,0.016532515333333334,0.0017072116298819475
301,9,0.144284634,0.016532515333333334,0.002385387923969388
301,10,0.03213134733333333,0.016532515333333334,0.0005312119924689925
301,11,0.04771264133333333,0.016532515333333334,0.0007888099744371671
301,12,0.03327546,0.016532515333333334,0.0005501270526737201
301,13,0.12962703733333333,0.016532515333333334,0.002143060982327906
301,14,0.021400780999999997,0.016532515333333334,0.0003538087400278086
301,15,0.054658753,0.016532515333333334,0.0009036466720733793
302,0,0.08229406333333333,0.010507197000000001,0.0008646799353738101
302,1,0.10849485633333333,0.010507197000000001,0.0011399768289810312
302,2,0.03970033466666666,0.010507197000000001,0.000417139237308596
302,3,0.043703269999999995,0.010507197000000001,0.00045919886743419
302,4,0.05119415399999999,0.010507197000000001,0.000537907061326338
302,5,0.11627866966666667,0.010507197000000001,0.001221762889085591
302,6,0.06273673299999999,0.010507197000000001,0.0006591872127674009
302,7,0.08325732533333334,0.010507197000000001,0.0008748011189704241
302,8,0.066109398,0.010507197000000001,0.0006946244683374061
302,9,0.16958097066666666,0.010507197000000001,0.0017818206662458883
302,10,0.036553890000000006,0.010507197000000001,0.0003840789233463301
302,11,0.051988652999999996,0.010507197000000001,0.000546255018835641
302,12,0.015057359999999999,0.010507197000000001,0.00015821064781992
302,13,0.046179567666666664,0.010507197000000001,0.000485217814848497
302,14,0.011649166,0.010507197000000001,0.00012240008204770201
302,15,0.015221589,0.010507197000000001,0.00015993623427603302
303,0,0.121933668,0.008346234000000001,0.0010176869256063122
303,1,0.14619511266666665,0.008346234000000001,0.001220178619972364
303,2,0.07605591566666668,0.008346234000000001,0.0006347804692382662
303,3,0.07133816933333333,0.008346234000000001,0.000595405054387624
303,4,0.00046379766666666665,0.008346234000000001,3.870963854654e-06
303,5,0.004011087666666666,0.008346234000000001,3.3477476260514e-05
303,6,0.001391393,0.008346234000000001,1.1612891563962003e-05
303,7,0.002782786,0.008346234000000001,2.3225783127924005e-05
303,8,0.15705044766666668,0.008346234000000001,0.0013107797860307541
303,9,0.27080814133333336,0.008346234000000001,0.0022602281166730727
303,10,0.06261886166666666,0.008346234000000001,0.00052263167228363
303,11,0.07301698899999999,0.008346234000000001,0.000609416876169426
303,12,0.0018551906666666666,0.008346234000000001,1.5483855418616e-05
303,13,0.007858813333333332,0.008346234000000001,6.559149504232e-05
303,14,0.0015417463333333332,0.008346234000000001,1.2867775666642001e-05
303,15,0.0010778810000000002,0.008346234000000001,8.996247050154002e-06
304,0,0.05416075533333333,0.005744900666666667,0.0003111481594216369
304,1,0.06519887366666667,0.005744900666666667,0.00037456105279354914
304,2,0.036942392,0.005744900666666667,0.00021223037242906132
304,3,0.031486924666666666,0.005744900666666667,0.00018088925450881644
304,4,0.008052926,0.005744900666666667,4.6263259946017335e-05
304,5,0.026490896333333333,0.005744900666666667,0.00015218756800596423
304,6,0.007833483333333334,0.005744900666666667,4.500258362398889e-05
304,7,0.012548872333333334,0.005744900666666667,7.209202503368156e-05
304,8,0.20097605600000001,0.005744900666666667,0.0011545874780984375
304,9,0.3087506606666666,0.005744900666666667,0.001773741876297707
304,10,0.09445598333333334,0.005744900666666667,0.0005426402416223222
304,11,0.10784151900000001,0.005744900666666667,0.0006195388143974461
304,12,0.012722417333333333,0.005744900666666667,7.308902381987823e-05
304,13,0.024015830666666665,0.005744900666666667,0.0001379685616074871
304,14,0.003807020333333334,0.005744900666666667,2.187095365098023e-05
304,15,0.004715389,0.005744900666666667,2.708944140969267e-05
305,0,0.07277766933333334,0.014146548333333333,0.0010295528168113512
305,1,0.07563483533333333,0.014146548333333333,0.0010699718537267077
305,2,0.04236409133333333,0.014146548333333333,0.0005993056656447477
305,3,0.03633152866666667,0.014146548333333333,0.0005139657263068855
305,4,0.006727549,0.014146548333333333,9.517159709336833e-05
305,5,0.023323091666666667,0.014146548333333333,0.0003299412435452639
305,6,0.003634656333333333,0.014146548333333333,5.141784149455611e-05
305,7,0.012376853000000002,0.014146548333333333,0.0001750897491790617
305,8,0.10508965733333332,0.014146548333333333,0.0014866559167994377
305,9,0.189489449,0.014146548333333333,0.002680621648935202
305,10,0.049896361666666667,0.014146548333333333,0.0007058612919749806
305,11,0.06852321500000001,0.014146548333333333,0.0009693669729528918
305,12,0.074576505,0.014146548333333333,0.001055000132513575
305,13,0.11433866533333333,0.014146548333333333,0.0016174974555068244
305,14,0.04819222266666667,0.014146548333333333,0.0006817536072447623
305,15,0.07672364766666667,0.014146548333333333,0.0010853747900261372
306,0,0.038231786,0.009686004666666666,0.00037031325761100126
306,1,0.04888957533333333,0.009686004666666666,0.0004735446548300182
306,2,0.02375367533333333,0.009686004666666666,0.00023007821012915153
306,3,0.029990473666666666,0.009686004666666666,0.0002904878678908771
306,4,0.08363749800000002,0.009686004666666666,0.0008101131959363241
306,5,0.23212203133333334,0.009686004666666666,0.002248335078730813
306,6,0.08984713633333334,0.009686004666666666,0.0008702597818113029
306,7,0.133962695,0.009686004666666666,0.0012975632889292432
306,8,0.061837711,0.009686004666666666,0.0005989603573219846
306,9,0.11477683833333334,0.009686004666666666,0.0011117289917219123
306,10,0.030250068333333335,0.009686004666666666,0.00029300230304365224
306,11,0.029504418666666667,0.009686004666666666,0.00028577993689262045
306,12,0.014478111,0.009686004666666666,0.00014023505071051798
306,13,0.04581490433333333,0.009686004666666666,0.0004437633771755535
306,14,0.008085740333333332,0.009686004666666666,7.831851860212154e-05
306,15,0.014817338666666666,0.009686004666666666,0.00014352081147291375
307,0,0.028451864666666663,0.010339318333333333,0.0002941728859655855
307,1,0.029381892333333336,0.010339318333333333,0.0003037887380700595
307,2,0.023114669333333334,0.010339318333333333,0.00023898992440707112
307,3,0.026013366333333333,0.010339318333333333,0.00026896047544194943
307,4,0.05248659666666666,0.010339318333333333,0.0005426756311699389
307,5,0.15667513666666666,0.010339318333333333,0.001619914112915172
307,6,0.047116408,0.010339318333333333,0.00048715154103521333
307,7,0.06813558266666667,0.010339318333333333,0.0007044754790178155
307,8,0.09919573033333334,0.010339318333333333,0.0010256162332238229
307,9,0.1947496856666667,0.010339318333333333,0.002013578995424271
307,10,0.036214493666666674,0.010339318333333333,0.0003744331783001506
307,11,0.07994931133333333,0.010339318333333333,0.0008266213804061077
307,12,0.029574706666666662,0.010339318333333333,0.00030578230684162215
307,13,0.08302604166666666,0.010339318333333333,0.0008584326747482638
307,14,0.016516125,0.010339318333333333,0.00017076547400812498
307,15,0.02939838933333333,0.010339318333333333,0.0003039593058046044
308,0,0.11504965666666667,0.0058690370000000006,0.0006752306918139634
308,1,0.16909642700000002,0.0058690370000000006,0.0009924331866307992
308,2,0.05271515233333333,0.0058690370000000006,0.00030938717950496964
308,3,0.077692455,0.0058690370000000006,0.000455979893015835
308,4,0.010731534000000001,0.0058690370000000006,6.2983770112758e-05
308,5,0.023955895333333335,0.0058690370000000006,0.00014059803607946068
308,6,0.016418431333333334,0.0058690370000000006,9.636038097729267e-05
308,7,0.011031790333333333,0.0058690370000000006,6.474598564257567e-05
308,8,0.11804687366666666,0.0058690370000000006,0.0006928214692839923
308,9,0.2720710466666667,0.0058690370000000006,0.0015967950395153938
308,10,0.044604363333333334,0.0058690370000000006,0.0002617846587647767
308,11,0.06992367,0.0058690370000000006,0.00041038460640579
308,12,0.0039397343333333334,0.0058690370000000006,2.312244657250367e-05
308,13,0.008590664666666666,0.0058690370000000006,5.041892878325933e-05
308,14,0.0037084133333333334,0.0058690370000000006,2.176481506462667e-05
308,15,0.002423892,0.0058690370000000006,1.4225911832004002e-05
309,0,0.11607060566666667,0.008133051666666667,0.0009440082328682929
309,1,0.1583651526666667,0.008133051666666667,0.0012879919688375547
309,2,0.06892637,0.008133051666666667,0.0005605817284057834
309,3,0.08128270933333333,0.008133051666666667,0.0006610764746146488
309,4,0.010136543333333333,0.008133051666666667,8.244103065140555e-05
309,5,0.025672756,0.008133051666666667,0.0002087978509737267
309,6,0.013269839333333333,0.008133051666666667,0.00010792428890636555
309,7,0.022549867,0.008133051666666667,0.00018339923338746167
309,8,0.093707865,0.008133051666666667,0.000762130907618025
309,9,0.23838480166666667,0.008133051666666667,0.0019387959085030862
309,10,0.040204730333333334,0.008133051666666667,0.0003269871490454006
309,11,0.058039837000000004,0.008133051666666667,0.0004720409930459117
309,12,0.019311055333333334,0.008133051666666667,0.0001570578107638589
309,13,0.026822058666666666,0.008133051666666667,0.00021814518894236443
309,14,0.007912665666666667,0.008133051666666667,6.435411868805945e-05
309,15,0.019343143333333337,0.008133051666666667,0.0001573187841257389
310,0,0.008964962333333333,0.023963855333333336,0.00021483506042478247
310,1,0.011477069666666668,0.023963855333333336,0.0002750348371425883
310,2,0.005686244333333333,0.023963855333333336,0.00013626433659398644
310,3,0.008164929666666666,0.023963855333333336,0.00019566319333884155
310,4,0.098547745,0.023963855333333336,0.0023615839046062237
310,5,0.29597201133333334,0.023963855333333336,0.007092630462307695
310,6,0.08758114566666668,0.023963855333333336,0.002098781904683594
310,7,0.15735007833333334,0.023963855333333336,0.003770714513868668
310,8,0.024225002,0.023963855333333336,0.0005805244433777108
310,9,0.05270208066666667,0.023963855333333336,0.0012629450368616638
310,10,0.011154689666666667,0.023963855333333336,0.0002673093694602283
310,11,0.026236571,0.023963855333333336,0.0006287293918867288
310,12,0.040111234,0.023963855333333336,0.0009612198088174814
310,13,0.11047103633333333,0.023963855333333336,0.0026473119332154106
310,14,0.020818213000000002,0.023963855333333336,0.0004988846446305194
310,15,0.040536987000000003,0.023963855333333336,0.0009714224921172142
311,0,0.004489709333333333,0.036865919,0.00016551726061621064
311,1,0.0067562559999999995,0.036865919,0.000249075586439264
311,2,0.0047061076666666665,0.036865919,0.00017349498404461232
311,3,0.0044149436666666665,0.036865919,0.0001627609556048963
311,4,0.06485744,0.036865919,0.0023910291295873598
311,5,0.16343628366666668,0.036865919,0.006025228795316357
311,6,0.051373213333333334,0.036865919,0.0018939207215163865
311,7,0.09596024966666666,0.036865919,0.00353766279143111
311,8,0.03633585833333334,0.036865919,0.0013395548101121418
311,9,0.07819624033333333,0.036865919,0.0028827762622331992
311,10,0.026156785666666668,0.036865919,0.0009642939416876943
311,11,0.03951809666666666,0.036865919,0.001456870950747503
311,12,0.08003402733333333,0.036865919,0.0029505279689144522
311,13,0.20155273000000004,0.036865919,0.0074304266184088705
311,14,0.04201419333333334,0.036865919,0.0015488918482770067
311,15,0.10019786466666665,0.036865919,0.0036938863627742945
312,0,0.006548602666666667,0.03241176666666667,0.00021225178162471113
312,1,0.010130381333333334,0.03241176666666667,0.0003283435560203556
312,2,0.005554521,0.03241176666666667,0.0001800318385971
312,3,0.005655534333333333,0.03241176666666667,0.00018330585918732223
312,4,0.049588817666666674,0.03241176666666667,0.001607261187487878
312,5,0.202824688,0.03241176666666667,0.006573906461695467
312,6,0.03951755099999999,0.03241176666666667,0.0012808336422500998
312,7,0.135530555,0.03241176666666667,0.004392784724863833
312,8,0.02985959966666667,0.03241176666666667,0.0009678023771560779
312,9,0.07319756933333334,0.03241176666666667,0.0023724625377991556
312,10,0.018488252666666666,0.03241176666666667,0.0005992369315063778
312,11,0.03284839166666667,0.03241176666666667,0.001064674406075278
312,12,0.058517174666666665,0.03241176666666667,0.0018966450112885777
312,13,0.20221240066666665,0.03241176666666667,0.006554061147514511
312,14,0.03361295066666667,0.03241176666666667,0.001089455113986178
312,15,0.09591300933333334,0.03241176666666667,0.0031087100788098226
313,0,0.006206453000000001,0.044373458,0.00027540178152447403
313,1,0.005411417666666667,0.044373458,0.00024012331455229135
313,2,0.0038871960000000003,0.044373458,0.000172488328443768
313,3,0.002815609666666667,0.044373458,0.00012493833728822733
313,4,0.034656164,0.044373458,0.0015378138376951121
313,5,0.10237941566666665,0.044373458,0.004542928701149375
313,6,0.025790262666666664,0.044373458,0.0011444031372483013
313,7,0.05959362566666666,0.044373458,0.0026443752455875547
313,8,0.030534238666666668,0.044373458,0.0013549097570373094
313,9,0.04889237500000001,0.044373458,0.00216952374858275
313,10,0.014926754666666668,0.044373458,0.0006623517212776374
313,11,0.023599244333333335,0.044373458,0.0010471800772569046
313,12,0.13697152766666668,0.044373458,0.006077900330112671
313,13,0.26569844766666667,0.044373458,0.01178995890820203
313,14,0.081539777,0.044373458,0.0036182018700388653
313,15,0.157097491,0.044373458,0.006970958918793878
314,0,0.029993274666666667,0.02383485,0.0007148852026888
314,1,0.023633938333333337,0.02383485,0.0005633113750842502
314,2,0.018024954,0.02383485,0.0004296220748469
314,3,0.015074788666666667,0.02383485,0.0003593053266517
314,4,0.044153255,0.02383485,0.00105238620993675
314,5,0.133326939,0.02383485,0.0031778275920241504
314,6,0.03381562,0.02383485,0.000805990230357
314,7,0.08247047099999999,0.02383485,0.0019656713057143497
314,8,0.04719933299999999,0.02383485,0.0011249890221550498
314,9,0.10339760666666668,0.02383485,0.0024644664452590005
314,10,0.023357905666666668,0.02383485,0.0005567321778791501
314,11,0.036827224666666665,0.02383485,0.0008777713758463
314,12,0.07350775366666668,0.02383485,0.0017520462824819503
314,13,0.19719547,0.02383485,0.0047001244481295005
314,14,0.04572390099999999,0.02383485,0.00108982232174985
314,15,0.09229756466666666,0.02383485,0.0021998986091953
315,0,0.005442524,0.039206982333333334,0.00021338494231674268
315,1,0.007929822333333334,0.039206982333333334,0.00031090440412947216
315,2,0.004296396,0.039206982333333334,0.000168448722069004
315,3,0.003756385333333333,0.039206982333333334,0.00014727653340119244
315,4,0.067348298,0.039206982333333334,0.0026405235298660686
315,5,0.20280159933333333,0.039206982333333334,0.007951238722233746
315,6,0.05426371233333333,0.039206982333333334,0.002127516410794082
315,7,0.120317818,0.039206982333333334,0.004717298564711216
315,8,0.025125723,0.039206982333333334,0.000985103777773227
315,9,0.05011042200000001,0.039206982333333334,0.0019646784300698782
315,10,0.016043441000000002,0.039206982333333334,0.0006290149078528758
315,11,0.025048237333333334,0.039206982333333334,0.0009820657986091405
315,12,0.08572619133333333,0.039206982333333334,0.003361065269109953
315,13,0.18348245166666666,0.039206982333333334,0.0071937932409716875
315,14,0.05750072033333333,0.039206982333333334,0.002254429726262941
315,15,0.09080625833333333,0.039206982333333334,0.003560239366231103
316,0,0.12479333133333333,0.004611420333333334,0.0005754745055749371
316,1,0.125178443,0.004611420333333334,0.0005772504173452077
316,2,0.065831573,0.004611420333333334,0.0003035770543075177
316,3,0.058273342,0.004611420333333334,0.00026872287419008734
316,4,0.0008223680000000001,0.0045995535,3.7825256126880003e-06
316,5,0.004486428666666667,0.004611420333333334,2.0688808377516224e-05
316,6,0.000839112,0.004611420333333334,3.8694981387440005e-06
316,7,0.0016782250000000002,0.004611420333333334,7.739000888908335e-06
316,8,0.18038811566666668,0.004611420333333334,0.0008318454244769521
316,9,0.27399220399999996,0.004611420333333334,0.0012634932207004146
316,10,0.07751217033333334,0.004611420333333334,0.00035744119835593016
316,11,0.07305301033333333,0.004611420333333334,0.0003368781372623435
316,12,0.003630572333333333,0.004611420333333334,1.6742095079570776e-05
316,13,0.004760551666666667,0.004611420333333334,2.195290475355056e-05
316,14,0.003356449666666667,0.004611420333333334,1.5478000240676558e-05
316,15,0.0016782250000000002,0.004611420333333334,7.739000888908335e-06
317,0,0.17002444733333333,0.011492547666666667,0.0019540140654769897
317,1,0.16242321466666668,0.011492547666666667,0.0018666565367298992
317,2,0.09664483766666666,0.011492547666666667,0.0011106954036214287
317,3,0.08697376566666666,0.011492547666666667,0.0009995501476736633
317,4,0.004473716666666667,0.011492547666666667,5.1414402038827786e-05
317,5,0.011790969,0.011492547666666667,0.000135508273268689
317,6,0.002123516666666667,0.011492547666666667,2.4404616512627783e-05
317,7,0.008864068000000001,0.011492547666666667,0.00010187072401057468
317,8,0.08007353066666667,0.011492547666666667,0.0009202488680249618
317,9,0.25766798233333327,0.011492547666666667,0.002961261569139657
317,10,0.034462938666666665,0.011492547666666667,0.0003960669653600764
317,11,0.06353191166666666,0.011492547666666667,0.0007301435231836228
317,12,0.0024602110000000003,0.011492547666666667,2.827409218755767e-05
317,13,0.010980922999999998,0.011492547666666667,0.0001261987810014963
317,14,0.0015601386666666665,0.011492547666666667,1.7929967993276444e-05
317,15,0.005943828666666667,0.011492547666666667,6.830973427416645e-05
318,0,0.05572834366666666,0.021899601666666667,0.001220428527843106
318,1,0.04021165033333334,0.021899601666666667,0.0008806191246592841
318,2,0.03967167466666666,0.021899601666666667,0.0008687938726495911
318,3,0.02435297633333333,0.021899601666666667,0.0005333204810977606
318,4,0.089099304,0.021899601666666667,0.0019512392663772402
318,5,0.2162105556666667,0.021899601666666667,0.00473492504522866
318,6,0.06546592,0.021899601666666667,0.0014336775707418667
318,7,0.13572050433333335,0.021899601666666667,0.002972224982899108
318,8,0.04291119100000001,0.021899601666666667,0.0009397379899422519
318,9,0.11948712233333335,0.021899601666666667,0.002616720383396271
318,10,0.020759386,0.021899601666666667,0.00045462228424457673
318,11,0.032904838666666665,0.021899601666666667,0.0007206028597059311
318,12,0.018214627333333334,0.021899601666666667,0.00039889308310677894
318,13,0.06179881533333334,0.021899601666666667,0.0013533694392718924
318,14,0.012148835000000002,0.021899601666666667,0.0002660546472140584
318,15,0.02531425533333333,0.021899601666666667,0.0005543721082882922
401,0,0.021993488000000002,0.020406345666666666,0.0004488067185436853
401,1,0.029590529333333327,0.020406345666666666,0.0006038345700356394
401,2,0.014914592333333336,0.020406345666666666,0.0003043523266314166
401,3,0.018101502000000002,0.020406345666666666,0.000369385506897858
401,4,0.087117335,0.020406345666666666,0.0017777464515687984
401,5,0.24791017866666665,0.020406345666666666,0.005058940800157092
401,6,0.066181915,0.020406345666666666,0.0013505310343719515
401,7,0.14060696466666667,0.020406345666666666,0.0028692743241287865
401,8,0.05694786233333333,0.020406345666666666,0.0011620977637517465
401,9,0.09918349033333333,0.020406345666666666,0.002023972588168492
401,10,0.020969902333333332,0.020406345666666666,0.0004279190756102398
401,11,0.031064203,0.020406345666666666,0.0006339068642775036
401,12,0.026319228,0.020406345666666666,0.000537079264247812
401,13,0.08665545066666668,0.020406345666666666,0.0017683210802047805
401,14,0.019029807333333332,0.020406345666666666,0.00038832882641406816
401,15,0.03341355033333333,0.020406345666666666,0.0006818484580525652
402,0,0.02804618266666667,0.011147989666666669,0.00031265855455744586
402,1,0.030476754666666665,0.011147989666666669,0.00033975454609753514
402,2,0.022976147333333335,0.011147989666666669,0.00025613785305181097
402,3,0.019343762,0.011147989666666669,0.00021564405889045937
402,4,0.08488855366666666,0.011147989666666669,0.0009463367190942788
402,5,0.2511591183333333,0.011147989666666669,0.0027999192558691107
402,6,0.06293767700000001,0.011147989666666669,0.0007016285728400045
402,7,0.13326577533333336,0.011147989666666669,0.0014856454863363222
402,8,0.05061017933333334,0.011147989666666669,0.000564201756236147
402,9,0.12388527366666668,0.011147989666666669,0.0013810717506881726
402,10,0.027060816333333335,0.011147989666666669,0.00030167370085556463
402,11,0.03930944166666667,0.011147989666666669,0.0004382212495024362
402,12,0.016598289666666665,0.011147989666666669,0.00018503756168834014
402,13,0.07808524833333334,0.011147989666666669,0.0008704935415391008
402,14,0.008428436666666666,0.011147989666666669,9.396012486615445e-05
402,15,0.022928343333333337,0.011147989666666669,0.00025560493455378564
403,0,0.049011461,0.014920728,0.0007312866784636079
403,1,0.08501113066666666,0.014920728,0.0012684279576497919
403,2,0.03660470033333333,0.014920728,0.0005461687771951759
403,3,0.047997862333333335,0.014920728,0.000716163048457112
403,4,0.05267123366666667,0.014920728,0.000785893150964776
403,5,0.1817326303333333,0.014920728,0.0027115831459282157
403,6,0.04177366566666666,0.014920728,0.0006232935029752719
403,7,0.09236797266666667,0.014920728,0.001378197396070768
403,8,0.05602453433333334,0.014920728,0.0008359268381143281
403,9,0.15699370233333332,0.014920728,0.0023424603302286315
403,10,0.031020009999999997,0.014920728,0.00046284113176727994
403,11,0.053072644999999995,0.014920728,0.0007918825002855599
403,12,0.019656987999999997,0.014920728,0.0002932965712472639
403,13,0.06373569666666666,0.014920728,0.0009509829938538399
403,14,0.009366148,0.014920728,0.000139749746715744
403,15,0.022959619333333337,0.014920728,0.00034257423505620806
404,0,0.050761306,0.012617639,0.000640487834276534
404,1,0.054329980666666666,0.012617639,0.0006855160829289793
404,2,0.03425587066666667,0.012617639,0.00043222820970268935
404,3,0.03692538766666667,0.012617639,0.00046591121151305236
404,4,0.0268591,0.012617639,0.0003388984276649
404,5,0.10511569566666668,0.012617639,0.0013263119011558645
404,6,0.024466735666666666,0.012617639,0.0003087124381504243
404,7,0.05995284533333334,0.012617639,0.0007564633594388347
404,8,0.10109134000000002,0.012617639,0.0012755340341462603
404,9,0.235313454,0.012617639,0.002969100214415106
404,10,0.05970620333333334,0.012617639,0.0007533513197205968
404,11,0.088908275,0.012617639,0.001121812518062725
404,12,0.019459773333333333,0.012617639,0.00024553639494182667
404,13,0.05452425933333333,0.012617639,0.0006879674210103807
404,14,0.022845383333333334,0.012617639,0.00028825479971661665
404,15,0.025484389666666666,0.012617639,0.0003215528289493303
405,0,0.010099216666666667,0.021541098999999998,0.00021754822603911665
405,1,0.009993746666666666,0.021541098999999998,0.00021527628632758662
405,2,0.011899565666666667,0.021541098999999998,0.00025632972208266766
405,3,0.006646868333333333,0.021541098999999998,0.00014318084880829833
405,4,0.13383246333333332,0.021541098999999998,0.0028828983420772026
405,5,0.3146915316666666,0.021541098999999998,0.006778801438093299
405,6,0.09979735,0.021541098999999998,0.0021497445962876498
405,7,0.17587644233333333,0.021541098999999998,0.0037885718560701238
405,8,0.024673967666666668,0.021541098999999998,0.0005315043802304656
405,9,0.043196793000000004,0.021541098999999998,0.000930506394495507
405,10,0.011165392666666668,0.021541098999999998,0.00024051482880654067
405,11,0.014933931666666669,0.021541098999999998,0.0003216933004909017
405,12,0.026693053333333338,0.021541098999999998,0.0005749977044656134
405,13,0.07825476333333334,0.021541098999999998,0.0016856936041849033
405,14,0.014578649333333334,0.021541098999999998,0.0003140401285756173
405,15,0.023666264000000003,0.021541098999999998,0.000509797335784136
406,0,0.017146236999999998,0.02782783533333334,0.00047714265982230737
406,1,0.025977406999999998,0.02782783533333334,0.0007228950043829807
406,2,0.012529060000000002,0.02782783533333334,0.00034865661856145345
406,3,0.015310036666666667,0.02782783533333334,0.00042604517930729563
406,4,0.072396218,0.02782783533333334,0.002014630033260103
406,5,0.28662061200000005,0.02782783533333334,0.007976031193875226
406,6,0.05072078633333333,0.02782783533333334,0.001411449690061184
406,7,0.14987701666666667,0.02782783533333334,0.004170752940051256
406,8,0.022555159333333335,0.02782783533333334,0.0006276612598450966
406,9,0.05110633233333334,0.02782783533333334,0.0014221786006626096
406,10,0.010851922666666666,0.02782783533333334,0.00030198551701806763
406,11,0.022367682666666666,0.02782783533333334,0.0006224441900362543
406,12,0.050760437,0.02782783533333334,0.001412553082284041
406,13,0.11824062633333333,0.02782783533333334,0.0032903806793141976
406,14,0.037479374,0.02782783533333334,0.001042969848068415
406,15,0.05606109233333333,0.02782783533333334,0.0015600588460587962
407,0,0.019472272333333335,0.04355941933333333,0.0008482008759405318
407,1,0.025530298999999996,0.04355941933333333,0.0011120849998463803
407,2,0.014488247333333334,0.04355941933333333,0.0006310996409977151
407,3,0.017955840666666667,0.04355941933333333,0.0007821459930818528
407,4,0.08377207966666667,0.04355941933333333,0.00364906314662574
407,5,0.2578404943333333,0.04355941933333333,0.01123138221377962
407,6,0.07389033233333332,0.04355941933333333,0.0032186199707870244
407,7,0.16217830066666666,0.04355941933333333,0.0070643926055067455
407,8,0.048957747333333336,0.04355941933333333,0.0021325710457080482
407,9,0.12170623266666665,0.04355941933333333,0.005301452824207563
407,10,0.02582220533333333,0.04355941933333333,0.0011248002702261028
407,11,0.04993346666666667,0.04355941933333333,0.0021750728133003556
407,12,0.014011960000000002,0.04355941933333333,0.0006103528413218933
407,13,0.056055132,0.04355941933333333,0.002441729000573352
407,14,0.007992754333333334,0.04355941933333333,0.0003481597376339838
407,15,0.020392634666666666,0.04355941933333333,0.0008882913247568034
408,0,0.036229808,0.023186055666666667,0.0008400263450806454
408,1,0.040254144,0.023186055666666667,0.0009333348235980159
408,2,0.025694108000000004,0.023186055666666667,0.0005957450183933454
408,3,0.029052758,0.023186055666666667,0.0006736188642581954
408,4,0.06546651599999999,0.023186055666666667,0.0015179102842787237
408,5,0.24246285199999998,0.023186055666666667,0.005621757183570761
408,6,0.05451071166666668,0.023186055666666667,0.0012638883951329497
408,7,0.165033789,0.023186055666666667,0.0038264826186349206
408,8,0.040023671,0.023186055666666667,0.0009279910637903523
408,9,0.09685001933333333,0.023186055666666667,0.0022455699395804093
408,10,0.018284649666666666,0.023186055666666667,0.00042394890501683144
408,11,0.036229685,0.023186055666666667,0.0008400234931957983
408,12,0.026757419,0.023186055666666667,0.0006203990064303244
408,13,0.07033649400000001,0.023186055666666667,0.0016308258652821663
408,14,0.022642919666666667,0.023186055666666667,0.0005249999958471948
408,15,0.030170455,0.023186055666666667,0.0006995338491186617
409,0,0.023043377000000004,0.011901184000000002,0.0002742434696583681
409,1,0.017679179,0.011901184000000002,0.00021040316224793605
409,2,0.020406084666666668,0.011901184000000002,0.00024285656833757872
409,3,0.015227051666666666,0.011901184000000002,0.00018121994366250668
409,4,0.07710085033333333,0.011901184000000002,0.0009175914063734615
409,5,0.242025187,0.011901184000000002,0.0028803862831214087
409,6,0.06841502466666667,0.011901184000000002,0.0008142197969225388
409,7,0.12549127566666665,0.011901184000000002,0.0014934947621037227
409,8,0.068774197,0.011901184000000002,0.0008184943729492481
409,9,0.10895313566666666,0.011901184000000002,0.0012966713149459629
409,10,0.031553215,0.011901184000000002,0.0003755206175065601
409,11,0.04434253466666666,0.011901184000000002,0.0005277286640943788
409,12,0.03004778433333333,0.011901184000000002,0.0003576042101433174
409,13,0.07061792633333333,0.011901184000000002,0.0008404369349914454
409,14,0.018228735,0.011901184000000002,0.00021694352932224002
409,15,0.03809444133333333,0.011901184000000002,0.0004533689556852054
410,0,0.028686028333333335,0.013558149333333333,0.00038892945592356446
410,1,0.02901816566666667,0.013558149333333333,0.0003934326234880729
410,2,0.025826132333333335,0.013558149333333333,0.0003501545588777618
410,3,0.024673104333333334,0.013558149333333333,0.00033452163306824713
410,4,0.11180215833333333,0.013558149333333333,0.001515830358472311
410,5,0.27678485233333333,0.013558149333333333,0.0037526903611399486
410,6,0.08834661566666667,0.013558149333333333,0.001197816608303273
410,7,0.17421998566666666,0.013558149333333333,0.0023621005825198594
410,8,0.043037528,0.013558149333333333,0.0005835092315615146
410,9,0.08206296200000002,0.013558149333333333,0.0011126218935316589
410,10,0.022447722666666666,0.013558149333333333,0.00030434957610791824
410,11,0.028464879999999998,0.013558149333333333,0.00038593109379541333
410,12,0.010146358333333334,0.013558149333333333,0.00013756584147284445
410,13,0.041547074,0.013558149333333333,0.0005633014336550507
410,14,0.0043684276666666666,0.013558149333333333,5.922779465653156e-05
410,15,0.008568004666666665,0.013558149333333333,0.00011616628675936354
411,0,0.01822764333333333,0.02245404566666667,0.0004092843358023789
411,1,0.023392580666666666,0.02245404566666667,0.0005252580745505171
411,2,0.016047135333333334,0.02245404566666667,0.0003603231095938469
411,3,0.016397567000000002,0.02245404566666667,0.0003681917182402264
411,4,0.10812457133333335,0.02245404566666667,0.002427834062407425
411,5,0.33648875633333336,0.02245404566666667,0.0075555339010285405
411,6,0.08895924366666667,0.02245404566666667,0.001997494919763461
411,7,0.20899044133333336,0.02245404566666667,0.004692680913595489
411,8,0.024781642333333336,0.02245404566666667,0.0005564481286476667
411,9,0.05519533566666666,0.02245404566666667,0.0012393585876463286
411,10,0.014953234666666667,0.02245404566666667,0.0003357606140697165
411,11,0.023216597000000002,0.02245404566666667,0.0005213065292625964
411,12,0.007448502333333333,0.02245404566666667,0.0001672490115409399
411,13,0.03903727566666666,0.02245404566666667,0.0008765447705215887
411,14,0.005275287,0.02245404566666667,0.00011845153520277302
411,15,0.013464187,0.02245404566666667,0.00030232546976253973
412,0,0.143162095,0.01685431633333333,0.002412899236072718
412,1,0.219770256,0.01685431633333333,0.0037040774152816472
412,2,0.085362463,0.01685431633333333,0.0014387259543944622
412,3,0.09533795199999999,0.01685431633333333,0.0016068560015801488
412,4,0.005499795666666667,0.01685431633333333,9.269529593469589e-05
412,5,0.015293689999999999,0.01685431633333333,0.0002577646891639366
412,6,0.005884440666666667,0.01685431633333333,9.917822444073087e-05
412,7,0.008932924666666666,0.01685431633333333,0.00015055833811383618
412,8,0.09062192466666667,0.01685431633333333,0.0015273705850675028
412,9,0.20327170666666664,0.01685431633333333,0.0034260056457765414
412,10,0.039515692666666664,0.01685431633333333,0.0006660099843347801
412,11,0.059245107,0.01685431633333333,0.0009985357745801809
412,12,0.003886676,0.01685431633333333,6.550726678917465e-05
412,13,0.010787116,0.01685431633333333,0.0001818094653883613
412,14,0.004259882666666667,0.01685431633333333,7.179741000688355e-05
412,15,0.009168277333333334,0.01685431633333333,0.00015452504640772977
413,0,0.10565025033333332,0.022225547,0.0023481346043452652
413,1,0.08944326500000001,0.022225547,0.001987925490090955
413,2,0.07920729933333333,0.022225547,0.0017604255540760684
413,3,0.05673699033333333,0.022225547,0.0012610106452920454
413,4,0.051334386333333336,0.022225547,0.0011409348161676577
413,5,0.23976423033333336,0.022225547,0.005328891170192326
413,6,0.038948971666666665,0.022225547,0.0008656622003791682
413,7,0.12301824266666667,0.022225547,0.002734147734245405
413,8,0.035663845333333326,0.022225547,0.0007926484706567305
413,9,0.10163579733333335,0.022225547,0.0022589111905144746
413,10,0.016207893,0.022225547,0.000360229287642471
413,11,0.025378560999999997,0.022225547,0.0005640524002978669
413,12,0.002547383666666667,0.022225547,5.6616995410532336e-05
413,13,0.027093400666666666,0.022225547,0.0006021656499068313
413,14,0.0017903960000000003,0.022225547,3.9792530446612004e-05
413,15,0.005579087333333333,0.022225547,0.00012399826774410464
414,0,0.02246194333333333,0.018672631999999998,0.00041942360186818657
414,1,0.017646642333333334,0.018672631999999998,0.0003295092583259546
414,2,0.016870596333333335,0.018672631999999998,0.00031501843695288265
414,3,0.010380697333333334,0.018672631999999998,0.00019383494120871466
414,4,0.06685508966666667,0.018672631999999998,0.0012483604866726694
414,5,0.15642104,0.018672631999999998,0.0029207925169772797
414,6,0.059807295,0.018672631999999998,0.00111675961045044
414,7,0.09922913866666666,0.018672631999999998,0.001852869189999637
414,8,0.05282467266666666,0.018672631999999998,0.0009863756732251252
414,9,0.08989242633333333,0.018672631999999998,0.0016785281965094425
414,10,0.033813909,0.018672631999999998,0.000631394679238488
414,11,0.04152490266666667,0.018672631999999998,0.0007753792263304853
414,12,0.06446418733333334,0.018672631999999998,0.0012037160472543947
414,13,0.13759161333333333,0.018672631999999998,0.0025691975620596263
414,14,0.05368852433333334,0.018672631999999998,0.0010025060574993788
414,15,0.07652732066666668,0.018672631999999998,0.0014289664967546613
501,0,0.030044559666666668,0.017366004333333334,0.0005217539533644253
501,1,0.025768879999999997,0.017366004333333334,0.00044750248174514666
501,2,0.024736392666666666,0.017366004333333334,0.00042957230224036823
501,3,0.016595299666666664,0.017366004333333334,0.0002881940459242985
501,4,0.116049102,0.017366004333333334,0.0020153092082114423
501,5,0.238570466,0.017366004333333334,0.004143015746361353
501,6,0.11871012766666666,0.017366004333333334,0.002061520591469887
501,7,0.15092536933333334,0.017366004333333334,0.0026209706178526005
501,8,0.04158767533333333,0.017366004333333334,0.0007222117500519264
501,9,0.06138373466666667,0.017366004333333334,0.001065990202217517
501,10,0.020839749,0.017366004333333334,0.000361903171439579
501,11,0.024836226,0.017366004333333334,0.000431306008339646
501,12,0.025375689000000003,0.017366004333333334,0.00044067432513531906
501,13,0.06384135833333333,0.017366004333333334,0.0011086693054625529
501,14,0.016646014333333334,0.017366004333333334,0.00028907475704539545
501,15,0.024089356333333336,0.017366004333333334,0.0004183358664718775
502,0,0.013933731999999999,0.020776082666666668,0.00028948836788717864
502,1,0.010069643000000001,0.020776082666666668,0.00020920773539182138
502,2,0.012067231666666666,0.020776082666666668,0.0002507098026644844
502,3,0.008461992666666666,0.020776082666666668,0.00017580705916739377
502,4,0.12733873966666667,0.020776082666666668,0.0026456001819838127
502,5,0.24713967566666664,0.020776082666666668,0.005134594331863855
502,6,0.12881468833333332,0.020776082666666668,0.0026762646134942353
502,7,0.173798788,0.020776082666666668,0.003610857986854475
502,8,0.017894057,0.020776082666666668,0.00037176840747404536
502,9,0.037878612,0.020776082666666668,0.000786969174210592
502,10,0.009342045333333333,0.020776082666666668,0.00019409110612108089
502,11,0.011567572333333333,0.020776082666666668,0.00024032883904997955
502,12,0.03472740966666667,0.020776082666666668,0.0007214995340338659
502,13,0.11359476800000001,0.020776082666666668,0.0023600542904688216
502,14,0.018456765333333333,0.020776082666666668,0.0003834592823246009
502,15,0.03491427933333333,0.020776082666666668,0.0007253819536764249
503,0,0.010058570333333334,0.02157862466666667,0.00021705011390626828
503,1,0.010786924999999998,0.02157862466666667,0.00023276700588248332
503,2,0.010378054333333334,0.02157862466666667,0.00022394413922927363
503,3,0.008264697666666666,0.02157862466666667,0.0001783408089324758
503,4,0.19026746233333336,0.02157862466666667,0.004105710155970139
503,5,0.257554795,0.02157862466666667,0.005557678252405278
503,6,0.18343299699999996,0.02157862466666667,0.0039582317937447925
503,7,0.19205575566666666,0.02157862466666667,0.004144299066604041
503,8,0.006444348,0.02157862466666667,0.00013906016671338402
503,9,0.012256893999999999,0.02157862466666667,0.0002644869152051187
503,10,0.0024444269999999995,0.02157862466666667,5.2747372758066e-05
503,11,0.004838088333333333,0.02157862466666667,0.0001043992922491789
503,12,0.021072288666666664,0.02157862466666667,0.0004547110080056538
503,13,0.058102848333333325,0.02157862466666667,0.001253779556249259
503,14,0.011742629999999999,0.02157862466666667,0.00025338980536954
503,15,0.020299218666666667,0.02157862466666667,0.00043802922063459386
